slug;inclure;statut;nom;note;cuisine;prix;adresse;autres_adresses;ville;arrondissement;lat;lng;date;avis;instagram_resto;lien_instagram;photos;position;adresse_geocodee;sources_export
les-parisiens;oui;ok;Les Parisiens;;Français;€€€;1 rue du Pré aux Clercs, 75007 Paris;;Paris;7;48.856661;2.330370;2026-09-28;"Une adresse du chef Thibault Sombardier, et surtout l’une de nos terrasses préférées de Saint-Germain-des-Prés 🤍

Une cuisine française raffinée, tout y est excellent, dans un très beau cadre, élégant et discret.

On vous la recommande les yeux fermés !!

~ entrées : 13€ à 40€
~ plats : 36€ à 56€
~ desserts : 12€ à 22€";restaurant_les_parisiens;https://www.instagram.com/p/Dd1sD7WEQ_6/;photos/les-parisiens/0.webp|photos/les-parisiens/1.webp|photos/les-parisiens/2.webp|photos/les-parisiens/3.webp|photos/les-parisiens/4.webp|photos/les-parisiens/5.webp|photos/les-parisiens/6.webp|photos/les-parisiens/7.webp|photos/les-parisiens/8.webp|photos/les-parisiens/9.webp|photos/les-parisiens/10.webp|photos/les-parisiens/11.webp|photos/les-parisiens/12.webp|photos/les-parisiens/13.webp|photos/les-parisiens/14.webp|photos/les-parisiens/15.webp;adresse;1 rue du Pré aux Clercs, 75007 Paris;media/posts/18094181294149680.jpg|media/posts/18114559160470634.jpg|media/posts/18134306809641296.jpg|media/posts/17882289432689225.jpg|media/posts/18132039415593857.jpg|media/posts/18407702230082079.jpg|media/posts/18442575925133325.jpg|media/posts/18098529959271909.jpg|media/posts/18113213321036425.jpg|media/posts/17974534178987399.jpg|media/posts/18107310817922139.jpg|media/posts/17882605869689677.jpg|media/posts/18087051140274103.jpg|media/posts/18097303391320522.jpg|media/posts/18026461958880780.jpg|media/posts/18479151667116603.jpg
ashtari;oui;ok;Ashtari;;Healthy;;Jalan Selong Belanak, Kuta, Lombok;;Lombok;;-8.882532;116.264580;2026-09-22;"We found a hidden yoga studio up in the hills of Lombok, surrounded by nothing but nature. The class was such a beautiful experience, with an incredible setting. !
And here’s our tip: stay for lunch at the restaurant after your session! Everything we tried was delicious, and the view stunning. ✨

~ A single class is IDR 150K";ashtarilombok;https://www.instagram.com/p/DdlotcEF9mv/;photos/ashtari/0.webp|photos/ashtari/1.webp|photos/ashtari/2.webp|photos/ashtari/3.webp|photos/ashtari/4.webp|photos/ashtari/5.webp|photos/ashtari/6.webp|photos/ashtari/7.webp|photos/ashtari/8.webp|photos/ashtari/9.webp|photos/ashtari/10.webp|photos/ashtari/11.webp;vérifiée;Jalan Selong Belanak, Kuta, Lombok;media/posts/18111344929864345.jpg|media/posts/17902356540663823.jpg|media/posts/18447746449123242.jpg|media/posts/18134214928729528.jpg|media/posts/17969847144174462.jpg|media/posts/18124679225492063.jpg|media/posts/18068813651762477.jpg|media/posts/17995704255013066.jpg|media/posts/17880124503536245.jpg|media/posts/18163855147471016.jpg|media/posts/18117075271986207.jpg|media/posts/18115303372806519.jpg
jean-jacques;oui;ok;Jean Jacques;;Brasserie;€€;6 rue Meissonier, 75017 Paris;;Paris;17;48.883118;2.304513;2026-07-24;"Une jolie brasserie qui propose une cuisine française traditionnelle. Des plats délicieux, faits à partir de produits de saison, à deux pas du parc Monceau.

~ Entrées entre 10 et 18 €
~ Plats entre 22 et 32 €
~ Desserts entre 10 et 18 €";jeanjacquesrestaurant;https://www.instagram.com/p/DbLl5GkFH-c/;photos/jean-jacques/0.webp|photos/jean-jacques/1.webp|photos/jean-jacques/2.webp|photos/jean-jacques/3.webp|photos/jean-jacques/4.webp|photos/jean-jacques/5.webp|photos/jean-jacques/6.webp|photos/jean-jacques/7.webp|photos/jean-jacques/8.webp|photos/jean-jacques/9.webp|photos/jean-jacques/10.webp|photos/jean-jacques/11.webp|photos/jean-jacques/12.webp|photos/jean-jacques/13.webp;adresse;6 rue Meissonier, 75017 Paris;media/posts/18219757327333123.jpg|media/posts/17949047175214176.jpg|media/posts/18609516913005896.jpg|media/posts/17936492967088961.jpg|media/posts/18103858475147362.jpg|media/posts/17904729171462569.jpg|media/posts/18131083168621339.jpg|media/posts/17957102073187975.jpg|media/posts/18096588797347041.jpg|media/posts/18115979020909181.jpg|media/posts/17998254218988326.jpg|media/posts/18003661673951072.jpg|media/posts/18085314032411484.jpg|media/posts/17897891835484979.jpg
jade;oui;ok;Jade;;Matcha & café;€;36 rue Saint-Sulpice, 75006 Paris;;Paris;6;48.851364;2.334862;2026-07-17;"Boire un excellent matcha au milieu de quelques tableaux d’art contemporain ! C’est ce que propose Jade Matcha Gallery, un vrai temple du thé japonais à deux pas de l’église Saint-Sulpice, dans le 6ᵉ arrondissement.
Le matcha est excellent et ils proposent un large choix, avec des extras collagène, whei protein, lion’s mane… 🫖 Vous y trouverez aussi d’autres boissons : café, kombucha, chai, coconut water…

~ Les prix varient entre 4 € et 9 €.";jadematchagallery;https://www.instagram.com/p/Da5k0RRDTbV/;photos/jade/0.webp|photos/jade/1.webp|photos/jade/2.webp|photos/jade/3.webp|photos/jade/4.webp|photos/jade/5.webp|photos/jade/6.webp|photos/jade/7.webp|photos/jade/8.webp|photos/jade/9.webp|photos/jade/10.webp|photos/jade/11.webp|photos/jade/12.webp|photos/jade/13.webp;adresse;36 rue Saint-Sulpice, 75006 Paris;media/posts/17987117726843171.jpg|media/posts/18360165397214268.jpg|media/posts/17899312056527512.jpg|media/posts/17970798909120605.jpg|media/posts/18098624258337898.jpg|media/posts/18114301745313823.jpg|media/posts/18109094533966198.jpg|media/posts/18129656824636245.jpg|media/posts/18345267703169611.jpg|media/posts/17979622635102658.jpg|media/posts/18158943403461192.jpg|media/posts/18609227248060564.jpg|media/posts/18092428559632222.jpg|media/posts/17897884104519556.jpg
miliki;oui;ok;Miliki;;Brunch;€;8 rue Levert, 75020 Paris;;Paris;20;48.873648;2.390504;2026-07-15;"Ce coffee shop, niché dans le 20ᵉ arrondissement de Paris, propose un super all day brunch, des sandwichs et des salades de saison, tous les jours de la semaine !🍳
On apprécie également la qualité du service, l’accueil chaleureux d’une équipe souriante, et l’excellent rapport qualité-prix.

~ brunch : entre 13,60 € et 14,90 €
~ sandwichs : entre 12 € et 13 €
~ plats : entre 14,50 € et 14,90 €

*invitation";miliki.paris;https://www.instagram.com/p/Da0bhJyDYhg/;photos/miliki/0.webp|photos/miliki/1.webp|photos/miliki/2.webp|photos/miliki/3.webp|photos/miliki/4.webp|photos/miliki/5.webp|photos/miliki/6.webp|photos/miliki/7.webp|photos/miliki/8.webp|photos/miliki/9.webp;adresse;8 rue Levert, 75020 Paris;media/posts/18100151821918734.jpg|media/posts/18108496273789732.jpg|media/posts/17945953857230659.jpg|media/posts/18144155548533125.jpg|media/posts/18183524278392446.jpg|media/posts/18384536056163933.jpg|media/posts/18360566119242397.jpg|media/posts/18087466550406461.jpg|media/posts/18006539387941938.jpg|media/posts/18235274131313678.jpg
blondie;oui;ok;Blondie;;Brunch;€€;14 rue du Bac, 75007 Paris;40 rue Saint-Georges, 75009 Paris · 27 rue du Château d’Eau, 75010 Paris;Paris;7;48.858451;2.328405;2026-07-01;"Très bon coffee shop aux inspirations américaines, dans le 7ᵉ arrondissement.  Ils proposent un excellent brunch avec des pancakes, des gaufres, des toasts… et un large choix de produits à emporter : des sandwichs délicieux, des pâtisseries et d’excellents cafés☕️ !

Menu brunch :
~ Plats salés : entre 14 € et 18 €
~ Assiettes sucrées : entre 6 € et 14 €

*invitation";blondiecoffeeshop;https://www.instagram.com/p/DaQqwAZl9ZZ/;photos/blondie/0.webp|photos/blondie/1.webp|photos/blondie/2.webp|photos/blondie/3.webp|photos/blondie/4.webp|photos/blondie/5.webp|photos/blondie/6.webp|photos/blondie/7.webp|photos/blondie/8.webp;adresse;14 rue du Bac, 75007 Paris;media/posts/17867510316573869.jpg|media/posts/18118140218506047.jpg|media/posts/17902947402464551.jpg|media/posts/18114285320500269.jpg|media/posts/17916530721197226.jpg|media/posts/17881764915669021.jpg|media/posts/18207093583346388.jpg|media/posts/18353806639244148.jpg|media/posts/18458547949113157.jpg
cherry;oui;ok;Cherry;;Italien;€€€€;1 rue du Sabot, 75006 Paris;;Paris;6;48.853034;2.331418;2026-06-30;"Un restaurant intimiste dans le 6ᵉ arrondissement qui revisite l’esprit italo-new-yorkais. Tout était délicieux et le cadre est absolument magnifique✨ !

Les prix sont assez élevés :
• Entrées : 26 à 43 €
• Plats : 29 à 75 €
• Desserts : 15 à 29 €";cherry.paris_;https://www.instagram.com/p/DaN50PJl3jI/;photos/cherry/0.webp|photos/cherry/1.webp|photos/cherry/2.webp|photos/cherry/3.webp|photos/cherry/4.webp|photos/cherry/5.webp|photos/cherry/6.webp|photos/cherry/7.webp|photos/cherry/8.webp|photos/cherry/9.webp|photos/cherry/10.webp|photos/cherry/11.webp|photos/cherry/12.webp|photos/cherry/13.webp|photos/cherry/14.webp|photos/cherry/15.webp|photos/cherry/16.webp|photos/cherry/17.webp;adresse;1 rue du Sabot, 75006 Paris;media/posts/17945086197228632.jpg|media/posts/18108064153949152.jpg|media/posts/18472540489105968.jpg|media/posts/18120970744741914.jpg|media/posts/18418011538177029.jpg|media/posts/17937084363267681.jpg|media/posts/17961751704132303.jpg|media/posts/18085929797448435.jpg|media/posts/18459327823119827.jpg|media/posts/18099244483916063.jpg|media/posts/17889146571393893.jpg|media/posts/17910355422242697.jpg|media/posts/18320140999274917.jpg|media/posts/18428967949132839.jpg|media/posts/17934749160331363.jpg|media/posts/18600499645011034.jpg|media/posts/17893770735549588.jpg|media/posts/18104658875025289.jpg
civetta;oui;ok;Civetta;;Italien;€€;124 rue de Grenelle, 75007 Paris;;Paris;7;48.857195;2.318979;2026-06-18;"Rituel du dimanche : déjeuner ou dîner à La Civetta. Un des meilleurs restaurant italien de Paris selon moi ! Le cadre est super sympa, et le soir, le restaurant est éclairé à la bougie… le date parfait 🤍

~ Entrées entre 8 et 34 €
~ Plats entre 14 et 44 €
~ Desserts entre 6 et 13 €";civettaparis;https://www.instagram.com/p/DZuWTqZF45C/;photos/civetta/0.webp|photos/civetta/1.webp|photos/civetta/2.webp|photos/civetta/3.webp|photos/civetta/4.webp|photos/civetta/5.webp|photos/civetta/6.webp|photos/civetta/7.webp|photos/civetta/8.webp|photos/civetta/9.webp|photos/civetta/10.webp|photos/civetta/11.webp|photos/civetta/12.webp|photos/civetta/13.webp|photos/civetta/14.webp|photos/civetta/15.webp|photos/civetta/16.webp|photos/civetta/17.webp|photos/civetta/18.webp;adresse;124 rue de Grenelle, 75007 Paris;media/posts/18103904015020931.jpg|media/posts/17879350656607726.jpg|media/posts/17893428144508081.jpg|media/posts/18075481022320546.jpg|media/posts/18111952303729034.jpg|media/posts/18099523088583851.jpg|media/posts/18118761934810393.jpg|media/posts/18120577891706019.jpg|media/posts/18102108961871010.jpg|media/posts/17894653137349336.jpg|media/posts/18134607664576536.jpg|media/posts/17944220976235025.jpg|media/posts/17960183751135660.jpg|media/posts/17970803756914163.jpg|media/posts/17967721227086436.jpg|media/posts/18053618465593515.jpg|media/posts/18094747388253083.jpg|media/posts/18085027493407896.jpg|media/posts/18139588297551219.jpg
biche;oui;ok;Biche;;Brasserie;€€;129 rue du Faubourg-Saint-Honoré, 75008 Paris;;Paris;8;48.873339;2.309267;2026-06-14;"Excellente brasserie française dans le 8ᵉ, on s’est régalés, je vous la recommande !

~ Entrées de 9€ à 18€
~ Plats de 19€ à 32€
~ Desserts de 9€ à 12€";biche.paris;https://www.instagram.com/p/DZkP3vGF1um/;photos/biche/0.webp|photos/biche/1.webp|photos/biche/2.webp|photos/biche/3.webp|photos/biche/4.webp;adresse;129 rue du Faubourg-Saint-Honoré, 75008 Paris;media/posts/18411484279148567.jpg|media/posts/17931153111295256.jpg|media/posts/18131332177594241.jpg|media/posts/17918847384383108.jpg|media/posts/18010433684861938.jpg
pavyllon;oui;ok;Pavyllon;;Gastronomique;€€€€;Pavillon Ledoyen, 8 avenue Dutuit, 75008 Paris;;Paris;8;48.866128;2.316300;2026-06-08;"On a découvert le Pavyllon du chef Yannick Alléno et on a adoré ! Un endroit magnifique et une cuisine incroyable avec une étoile au Guide Michelin.🌟 À l’intérieur, une cuisine entièrement ouverte autour d’un immense comptoir, à l’extérieur une magnifique terrasse.

~ entrées entre 25 € et 58 €
~ plats entre 35 € et 98 €
~ desserts à 26 €";pavyllon_paris;https://www.instagram.com/p/DZUx1z3F2M5/;photos/pavyllon/0.webp|photos/pavyllon/1.webp|photos/pavyllon/2.webp|photos/pavyllon/3.webp|photos/pavyllon/4.webp|photos/pavyllon/5.webp|photos/pavyllon/6.webp|photos/pavyllon/7.webp|photos/pavyllon/8.webp|photos/pavyllon/9.webp|photos/pavyllon/10.webp|photos/pavyllon/11.webp|photos/pavyllon/12.webp|photos/pavyllon/13.webp|photos/pavyllon/14.webp|photos/pavyllon/15.webp|photos/pavyllon/16.webp|photos/pavyllon/17.webp;adresse;Pavillon Ledoyen, 8 avenue Dutuit, 75008 Paris;media/posts/18082854644405713.jpg|media/posts/17929350930388650.jpg|media/posts/18203797144355635.jpg|media/posts/18376590235202575.jpg|media/posts/18002372066942259.jpg|media/posts/17946496221189540.jpg|media/posts/17952855225179345.jpg|media/posts/18101424365158899.jpg|media/posts/18006657602927237.jpg|media/posts/18028105733826685.jpg|media/posts/17964334878106001.jpg|media/posts/17965047065931006.jpg|media/posts/18099309644129792.jpg|media/posts/18113291959860433.jpg|media/posts/18064738148453333.jpg|media/posts/18100792136157113.jpg|media/posts/17922662871143968.jpg|media/posts/17920635453367092.jpg
cagnard;oui;ok;Cagnard;;Bistrot;€€;5 rue des Petits Hôtels, 75010 Paris;;Paris;10;48.877267;2.354506;2026-06-07;"Une adresse que je recommande les yeux fermés : une cuisine délicieuse, une belle sélection de vins originaux, un cadre très agréable et une équipe aux petits soins. Gros coup de cœur, foncez découvrir leur nouvelle carte d’assiettes à partager !🍷

Menu du déjeuner :
- Plat 20 €
- Entrée + plat ou plat + dessert 25 €
- Entrée + plat + dessert 28 €

Le soir, à la carte :
- Entrées 9 à 16 €
- Plats 26 à 29 €
- Desserts 8 à 13 €

*invitation";cagnard.paris;https://www.instagram.com/p/DZS6J_4l89E/;photos/cagnard/0.webp|photos/cagnard/1.webp|photos/cagnard/2.webp|photos/cagnard/3.webp|photos/cagnard/4.webp|photos/cagnard/5.webp|photos/cagnard/6.webp|photos/cagnard/7.webp|photos/cagnard/8.webp|photos/cagnard/9.webp|photos/cagnard/10.webp|photos/cagnard/11.webp|photos/cagnard/12.webp|photos/cagnard/13.webp|photos/cagnard/14.webp|photos/cagnard/15.webp|photos/cagnard/16.webp|photos/cagnard/17.webp;adresse;5 rue des Petits Hôtels, 75010 Paris;media/posts/17857292145663251.jpg|media/posts/17958405497961117.jpg|media/posts/18593300509018801.jpg|media/posts/18108132265738901.jpg|media/posts/18067290557398646.jpg|media/posts/18117168331697339.jpg|media/posts/18009098210913781.jpg|media/posts/17886540369565508.jpg|media/posts/17990313764808411.jpg|media/posts/18408720295151458.jpg|media/posts/18083625344421342.jpg|media/posts/18102563678515737.jpg|media/posts/17971379796111713.jpg|media/posts/18408967216144787.jpg|media/posts/17908491330241811.jpg|media/posts/18107314222874102.jpg|media/posts/17877202626478042.jpg|media/posts/18080058638201879.jpg
koku;oui;ok;Koku;;Japonais;;Iztaccihuatl 54, Colonia Condesa, Cuauhtémoc, 06100 Ciudad de México;C. Río Lerma 94C, Cuauhtémoc, 06500 Ciudad de México;Mexico City;;19.410227;-99.169348;2026-05-22;"10/10 recommendation for your next CDMX food run. Amazing Japanese restaurant! Nothing bad to say about this place, the food is really good and super affordable. Special mention to the matcha mochi, and the matcha tiramisu is a must-try too! 🍧

Two locations :";kokumx;https://www.instagram.com/p/DYo15bSl3j2/;photos/koku/0.webp|photos/koku/1.webp|photos/koku/2.webp|photos/koku/3.webp|photos/koku/4.webp|photos/koku/5.webp|photos/koku/6.webp|photos/koku/7.webp|photos/koku/8.webp|photos/koku/9.webp|photos/koku/10.webp|photos/koku/11.webp|photos/koku/12.webp;adresse;Iztaccihuatl 54, Colonia Condesa, Cuauhtémoc, 06100 Ciudad de México;media/posts/18023733509830595.jpg|media/posts/18132221773570282.jpg|media/posts/18053211542729699.jpg|media/posts/17894980029330244.jpg|media/posts/17899509222296668.jpg|media/posts/17975402208033573.jpg|media/posts/18075181226661710.jpg|media/posts/18590614837028584.jpg|media/posts/18155289901476628.jpg|media/posts/17898240591448354.jpg|media/posts/17954798328136321.jpg|media/posts/18102277094050629.jpg|media/posts/18266955760295033.jpg
yoom;oui;ok;Yoom;;Chinois;€;5 rue Grégoire de Tours, 75006 Paris;20 rue des Martyrs, 75009 Paris;Paris;6;48.853439;2.337953;2026-05-21;"Très bon restaurant de dim sum et de bao, avec un excellent rapport qualité-prix ! Nos préférés : les dim sum poulet curry vert, les juicy dim sum aux crevettes et les bao au canard laqué.

~ assiettes entre 4,50€ et 7,50€";yoom_dimsum;https://www.instagram.com/p/DYnQ1WXF7wx/;photos/yoom/0.webp|photos/yoom/1.webp|photos/yoom/2.webp|photos/yoom/3.webp|photos/yoom/4.webp|photos/yoom/5.webp|photos/yoom/6.webp|photos/yoom/7.webp|photos/yoom/8.webp|photos/yoom/9.webp|photos/yoom/10.webp|photos/yoom/11.webp|photos/yoom/12.webp|photos/yoom/13.webp|photos/yoom/14.webp|photos/yoom/15.webp;adresse;5 rue Grégoire de Tours, 75006 Paris;media/posts/17965158552097778.jpg|media/posts/17921810496350989.jpg|media/posts/17951543073152720.jpg|media/posts/18203954923343199.jpg|media/posts/18393622459086748.jpg|media/posts/18104639422800244.jpg|media/posts/18003490259875831.jpg|media/posts/18094095842229268.jpg|media/posts/18083464520436965.jpg|media/posts/17966444573915943.jpg|media/posts/17983416131835201.jpg|media/posts/18096573932183257.jpg|media/posts/17941233555036814.jpg|media/posts/18013012229892681.jpg|media/posts/18115976752775276.jpg|media/posts/18118948231742867.jpg
mulliri;oui;ok;Mulliri;;Matcha & café;€;163 Gloucester Rd, South Kensington, London;;London;;51.496924;-0.183530;2026-05-15;"A super cool coffee & matcha spot that recently opened in South Kensington, pastries look amazing too !

~ iced latte : 4,5£
~ iced matcha latte : 5£
~ pastries from 2,5£ to 5£";mulliri.ldn;https://www.instagram.com/p/DYWkCfJl8Sh/;photos/mulliri/0.webp|photos/mulliri/1.webp|photos/mulliri/2.webp|photos/mulliri/3.webp|photos/mulliri/4.webp|photos/mulliri/5.webp|photos/mulliri/6.webp|photos/mulliri/7.webp|photos/mulliri/8.webp;adresse;163 Gloucester Rd, South Kensington, London;media/posts/18062344409460680.jpg|media/posts/17888622273483962.jpg|media/posts/18072875663675283.jpg|media/posts/18593658430013426.jpg|media/posts/18098865167031341.jpg|media/posts/18072446054649392.jpg|media/posts/18070604942327225.jpg|media/posts/17975390097017939.jpg|media/posts/18359581291236211.jpg
la-petite-republique;oui;ok;La Petite République;;Tapas;€;62 rue de Bellechasse, 75007 Paris;;Paris;7;48.856173;2.320814;2026-05-07;"L’enseigne de Laurent Delahousse, est un petit restaurant niché au cœur du 7e arrondissement. On y partage de petites assiettes façon tapas revisitées. Après avoir testé (presque) toute la carte, gros coup de cœur pour les ribs de porc ! 🍷

~ assiettes de 6€ à 22€ (compter 3 à 4 assiettes par personne)";lapetiterepublique;https://www.instagram.com/p/DYCqMY6FxeA/;photos/la-petite-republique/0.webp|photos/la-petite-republique/1.webp|photos/la-petite-republique/2.webp|photos/la-petite-republique/3.webp|photos/la-petite-republique/4.webp|photos/la-petite-republique/5.webp|photos/la-petite-republique/6.webp|photos/la-petite-republique/7.webp|photos/la-petite-republique/8.webp|photos/la-petite-republique/9.webp|photos/la-petite-republique/10.webp|photos/la-petite-republique/11.webp|photos/la-petite-republique/12.webp|photos/la-petite-republique/13.webp|photos/la-petite-republique/14.webp|photos/la-petite-republique/15.webp;adresse;62 rue de Bellechasse, 75007 Paris;media/posts/18099408206515344.jpg|media/posts/18579408973054817.jpg|media/posts/17892971274462074.jpg|media/posts/18095473064141762.jpg|media/posts/18080932034141210.jpg|media/posts/18401469019153619.jpg|media/posts/18099219151855559.jpg|media/posts/17868389112673152.jpg|media/posts/17977007646059273.jpg|media/posts/17953752822125124.jpg|media/posts/18119933230580560.jpg|media/posts/18004836482863038.jpg|media/posts/18076233671555903.jpg|media/posts/17851942698674997.jpg|media/posts/18102236293811785.jpg|media/posts/18114898717840102.jpg
la-petite-chaise;oui;ok;La Petite Chaise;;Français;€€€;36 rue de Grenelle, 75007 Paris;;Paris;7;48.853867;2.327476;2026-05-05;"Un des plus anciens restaurants de Paris, un incontournable du 7e arrondissement !!
Une cuisine française incroyable par le chef Thibaut Repéto, dans un cadre ancien magnifique. 🕯️

~ entrées de 10€ à 28€
~ plats de 25€ à 65€
~ desserts de 12€ à 15€";lapetitechaiseofficiel;https://www.instagram.com/p/DX9Rh2ql_Nw/;photos/la-petite-chaise/0.webp|photos/la-petite-chaise/1.webp|photos/la-petite-chaise/2.webp|photos/la-petite-chaise/3.webp|photos/la-petite-chaise/4.webp|photos/la-petite-chaise/5.webp|photos/la-petite-chaise/6.webp|photos/la-petite-chaise/7.webp|photos/la-petite-chaise/8.webp|photos/la-petite-chaise/9.webp|photos/la-petite-chaise/10.webp|photos/la-petite-chaise/11.webp|photos/la-petite-chaise/12.webp|photos/la-petite-chaise/13.webp|photos/la-petite-chaise/14.webp|photos/la-petite-chaise/15.webp|photos/la-petite-chaise/16.webp|photos/la-petite-chaise/17.webp|photos/la-petite-chaise/18.webp|photos/la-petite-chaise/19.webp;adresse;36 rue de Grenelle, 75007 Paris;media/posts/18410230075149702.jpg|media/posts/17950469511149080.jpg|media/posts/17896647570442982.jpg|media/posts/18423047749120450.jpg|media/posts/18096931463277723.jpg|media/posts/17944141449012417.jpg|media/posts/17872670349607396.jpg|media/posts/18123040246716565.jpg|media/posts/18126829057613906.jpg|media/posts/17887930539528005.jpg|media/posts/18045220370549193.jpg|media/posts/18009815843888914.jpg|media/posts/18019127396830472.jpg|media/posts/18138722254525831.jpg|media/posts/18152599204478937.jpg|media/posts/17973859290042541.jpg|media/posts/18156533041458110.jpg|media/posts/18082734017244564.jpg|media/posts/17910609519389187.jpg|media/posts/18063310670410241.jpg
lactem;oui;ok;Lactem;;Matcha & café;;38 rue Croix-des-Petits-Champs, 75001 Paris;58 rue du Faubourg Montmartre, 75009 Paris;Paris;1;48.864379;2.340363;2026-05-04;"Mon nouveau coffee shop préféré à Paris. Gros coup de cœur pour le muffin eggy (œufs, cheddar, tomatade maison) et le matcha latte au sirop de lavande fait maison !

*invitation";lactemcafe;https://www.instagram.com/p/DX6w75MF7vG/;photos/lactem/0.webp|photos/lactem/1.webp|photos/lactem/2.webp|photos/lactem/3.webp|photos/lactem/4.webp|photos/lactem/5.webp|photos/lactem/6.webp|photos/lactem/7.webp|photos/lactem/8.webp|photos/lactem/9.webp|photos/lactem/10.webp|photos/lactem/11.webp|photos/lactem/12.webp|photos/lactem/13.webp|photos/lactem/14.webp|photos/lactem/15.webp|photos/lactem/16.webp;adresse;38 rue Croix-des-Petits-Champs, 75001 Paris;media/posts/17961345147119511.jpg|media/posts/18581215765060072.jpg|media/posts/18015984173686453.jpg|media/posts/18597016492032733.jpg|media/posts/17862821823684418.jpg|media/posts/18387668047089975.jpg|media/posts/18079836722539587.jpg|media/posts/17860379589630671.jpg|media/posts/18102649369965454.jpg|media/posts/17883534297546771.jpg|media/posts/18176692732396388.jpg|media/posts/17936704419235650.jpg|media/posts/18080930957526735.jpg|media/posts/18099441455045028.jpg|media/posts/18103267631484420.jpg|media/posts/18099223439102584.jpg|media/posts/18227608075314199.jpg
chez-lui;oui;ok;Chez Lui;;Bistrot;€€;184A Kensington Park Road, London;;London;;51.515362;-0.205548;2026-05-02;"Amazing French bistro in Notting Hill 🍽️ !!

~ Mains from £26 to £33
~ Desserts from £8 to £18";chezlui_nottinghill;https://www.instagram.com/p/DX1_MaQl-ru/;photos/chez-lui/0.webp|photos/chez-lui/1.webp|photos/chez-lui/2.webp|photos/chez-lui/3.webp|photos/chez-lui/4.webp|photos/chez-lui/5.webp|photos/chez-lui/6.webp;adresse;184A Kensington Park Road, London;media/posts/18358578394239410.jpg|media/posts/18061991330441822.jpg|media/posts/17861085726685909.jpg|media/posts/18100363367471369.jpg|media/posts/17943383904016314.jpg|media/posts/18106964008912775.jpg|media/posts/17913718761179768.jpg
impasto;oui;ok;Impasto;;Italien;;88 rue Charenton, 75012 Paris;;Paris;12;48.851818;2.371725;2026-04-30;Une super trattoria du 12e arrondissement de Paris 🍝🤍;impastoparis;https://www.instagram.com/p/DXxA7rtF-dM/;photos/impasto/0.webp|photos/impasto/1.webp|photos/impasto/2.webp|photos/impasto/3.webp|photos/impasto/4.webp|photos/impasto/5.webp|photos/impasto/6.webp|photos/impasto/7.webp|photos/impasto/8.webp|photos/impasto/9.webp|photos/impasto/10.webp;adresse;88 rue Charenton, 75012 Paris;media/posts/18201749074356001.jpg|media/posts/18320125642281388.jpg|media/posts/18081679610117515.jpg|media/posts/17921878440323372.jpg|media/posts/18081799667228221.jpg|media/posts/18102208624995344.jpg|media/posts/18007950059856872.jpg|media/posts/18103742869940527.jpg|media/posts/18134498413544134.jpg|media/posts/18063228596500893.jpg|media/posts/18582799342035136.jpg
maison-le-te;oui;ok;Maison Le Tê;;Taïwanais;€;136 rue Saint-Maur, 75011 Paris;;Paris;11;48.868266;2.375146;2026-04-27;"Un restaurant franco-taïwanais dans le 11e arrondissement de Paris. On a testé le brunch : délicieux !
Des petites assiettes à des prix abordables (entre 3,8 € et 13,5 €), les egg cakes et le matcha valent le détour ! 🍵

*invitation";lete.maison;https://www.instagram.com/p/DXonHrZl2h0/;photos/maison-le-te/0.webp|photos/maison-le-te/1.webp|photos/maison-le-te/2.webp|photos/maison-le-te/3.webp|photos/maison-le-te/4.webp|photos/maison-le-te/5.webp|photos/maison-le-te/6.webp|photos/maison-le-te/7.webp|photos/maison-le-te/8.webp|photos/maison-le-te/9.webp|photos/maison-le-te/10.webp|photos/maison-le-te/11.webp|photos/maison-le-te/12.webp;adresse;136 rue Saint-Maur, 75011 Paris;media/posts/202604/18099171377000327.jpg|media/posts/202604/18087886436196742.jpg|media/posts/202604/18117983851662182.jpg|media/posts/202604/18101549680805303.jpg|media/posts/202604/17881120392555800.jpg|media/posts/202604/18405661903199375.jpg|media/posts/202604/18134774029559175.jpg|media/posts/202604/18009565634896074.jpg|media/posts/202604/18102511918950862.jpg|media/posts/202604/17863684434620580.jpg|media/posts/202604/17994169739952514.jpg|media/posts/202604/17968095537027090.jpg|media/posts/202604/18049865309568164.jpg
marezia;oui;épingle approximative (centre du quartier) : saisis lat/lng puis mets « vérifiée » dans position;Marezia;;Beach club;;Be Tulum, Tulum;;Tulum;;20.205756;-87.470632;2026-04-24;"Restaurant & beach club 🍸 at @betulumhotel

Best spot in the hotel zone! Perfect for any meal of the day if you want to eat with your toes in the sand. 🌴 The beachfront setting is stunning, the service is flawless, and the hotel, sublime!";mareziatulum;https://www.instagram.com/p/DXgiL8AF0AD/;photos/marezia/0.webp|photos/marezia/1.webp|photos/marezia/2.webp|photos/marezia/3.webp|photos/marezia/4.webp|photos/marezia/5.webp|photos/marezia/6.webp|photos/marezia/7.webp|photos/marezia/8.webp|photos/marezia/9.webp|photos/marezia/10.webp|photos/marezia/11.webp|photos/marezia/12.webp|photos/marezia/13.webp|photos/marezia/14.webp|photos/marezia/15.webp;quartier;Be Tulum, Tulum;media/posts/202604/18008034422854479.jpg|media/posts/202604/18090514385217037.jpg|media/posts/202604/18073262582254941.jpg|media/posts/202604/18126183811526127.jpg|media/posts/202604/17866077285616593.jpg|media/posts/202604/17956331745119547.jpg|media/posts/202604/18026452823815804.jpg|media/posts/202604/18118351885630082.jpg|media/posts/202604/17922178200299992.jpg|media/posts/202604/18061790717422837.jpg|media/posts/202604/18094825127175409.jpg|media/posts/202604/18105712538494306.jpg|media/posts/202604/18101183698970011.jpg|media/posts/202604/18097735355013905.jpg|media/posts/202604/17909789340200717.jpg|media/posts/202604/18100248862960708.jpg
kinugawa;oui;ok;Kinugawa;;Japonais;€€€;55 avenue de Saxe, 75007 Paris;1 rue Jean Mermoz, 75008 Paris;Paris;7;48.846834;2.312838;2026-04-12;"Sur les toits de @saxhotelparis , Kinugawa Rive Gauche est l’adresse japonaise branchée du 7ème arrondissement avec vue panoramique sur tout Paris. 🍱  Une cuisine sophistiquée et des cocktails signature dans un cadre animé.

~ des assiettes de 17 à 110 €";kinugawaofficial;https://www.instagram.com/p/DW_uD-zl_RQ/;photos/kinugawa/0.webp|photos/kinugawa/1.webp|photos/kinugawa/2.webp|photos/kinugawa/3.webp|photos/kinugawa/4.webp|photos/kinugawa/5.webp|photos/kinugawa/6.webp|photos/kinugawa/7.webp|photos/kinugawa/8.webp|photos/kinugawa/9.webp|photos/kinugawa/10.webp|photos/kinugawa/11.webp|photos/kinugawa/12.webp|photos/kinugawa/13.webp|photos/kinugawa/14.webp|photos/kinugawa/15.webp|photos/kinugawa/16.webp|photos/kinugawa/17.webp|photos/kinugawa/18.webp|photos/kinugawa/19.webp;adresse;55 avenue de Saxe, 75007 Paris;media/posts/202604/18071144417648390.jpg|media/posts/202604/18088319987261524.jpg|media/posts/202604/17970829730877157.jpg|media/posts/202604/18128516896564827.jpg|media/posts/202604/17955575520114191.jpg|media/posts/202604/18064591532358216.jpg|media/posts/202604/18097417853473006.jpg|media/posts/202604/17958899223101191.jpg|media/posts/202604/18111570160793743.jpg|media/posts/202604/18040459838562194.jpg|media/posts/202604/18158558080440503.jpg|media/posts/202604/18084633317366118.jpg|media/posts/202604/18148891297471164.jpg|media/posts/202604/18074644445445192.jpg|media/posts/202604/18016226342828281.jpg|media/posts/202604/17934143223237632.jpg|media/posts/202604/17883190929508741.jpg|media/posts/202604/17958953514086922.jpg|media/posts/202604/18568332919034867.jpg|media/posts/202604/17855897601634840.jpg
settebello;oui;ok;Settebello;;Italien;€€;9 rue Duban, 75016 Paris;;Paris;16;48.856907;2.277655;2026-04-10;"Un restaurant avec une cuisine ouverte sur la salle, qui propose des spécialités italiennes raffinées. Ne passez pas à côté des œufs mayonnaise qui ont été finalistes des championnats du monde 2025 de l’œuf mayo (ASOM) !

~ des plats allant de 23€ à 30€";restaurant_settebello;https://www.instagram.com/p/DW9ToY9F_MY/;photos/settebello/0.webp|photos/settebello/1.webp|photos/settebello/2.webp|photos/settebello/3.webp|photos/settebello/4.webp|photos/settebello/5.webp|photos/settebello/6.webp|photos/settebello/7.webp|photos/settebello/8.webp|photos/settebello/9.webp;adresse;9 rue Duban, 75016 Paris;media/posts/202604/17905361997393702.jpg|media/posts/202604/17965644666058564.jpg|media/posts/202604/18091832132517703.jpg|media/posts/202604/17985415010969838.jpg|media/posts/202604/18432264697191934.jpg|media/posts/202604/18059986946424416.jpg|media/posts/202604/18066698468441640.jpg|media/posts/202604/17974037808001500.jpg|media/posts/202604/18075182030538563.jpg|media/posts/202604/17992363346780305.jpg
blanco-colima;oui;ok;Blanco Colima;;;;Colima 168, Roma Norte, Ciudad de México;;Mexico City;;19.419811;-99.159790;2026-04-09;"A trendy restaurant with a DJ, seasonal cuisine, and signature cocktails! Located in a 1907 mansion in the Roma Norte neighborhood of Mexico City. 🥂✨

~ plats from 380 to 840 pesos";blanco_colima;https://www.instagram.com/p/DW62rbVlxXL/;photos/blanco-colima/0.webp|photos/blanco-colima/1.webp|photos/blanco-colima/2.webp|photos/blanco-colima/3.webp|photos/blanco-colima/4.webp|photos/blanco-colima/5.webp|photos/blanco-colima/6.webp|photos/blanco-colima/7.webp|photos/blanco-colima/8.webp|photos/blanco-colima/9.webp|photos/blanco-colima/10.webp|photos/blanco-colima/11.webp|photos/blanco-colima/12.webp|photos/blanco-colima/13.webp|photos/blanco-colima/14.webp|photos/blanco-colima/15.webp|photos/blanco-colima/16.webp|photos/blanco-colima/17.webp|photos/blanco-colima/18.webp;vérifiée;Colima 168, Roma Norte, Ciudad de México;media/posts/202604/18077716739226756.jpg|media/posts/202604/18551947762067670.jpg|media/posts/202604/17960268624073574.jpg|media/posts/202604/17899691748263159.jpg|media/posts/202604/17941504212015096.jpg|media/posts/202604/18171883828397184.jpg|media/posts/202604/18073785821644759.jpg|media/posts/202604/18417624040192885.jpg|media/posts/202604/18073129037241191.jpg|media/posts/202604/18094067783272982.jpg|media/posts/202604/18004114397884013.jpg|media/posts/202604/18310552012278460.jpg|media/posts/202604/17870215749603470.jpg|media/posts/202604/18175469425390605.jpg|media/posts/202604/17889507999463541.jpg|media/posts/202604/17923283673295057.jpg|media/posts/202604/18079418291564676.jpg|media/posts/202604/18384927319092586.jpg|media/posts/202604/17902943706244333.jpg
dante-brasa-y-fuego;oui;ok;Dante Brasa y Fuego;;Viande;;Edgar Allan Poe 41, Polanco, Ciudad de México;;Mexico City;;19.429066;-99.200327;2026-04-08;Delicious meat spot in the Polanco neighborhood of Mexico City. The meats are top quality, special shoutout to the Costilla Dante! The setting is beautiful, and all the cooking is done over a charcoal fire!;dantebrasayfuego;https://www.instagram.com/p/DW4RUpMlxw5/;photos/dante-brasa-y-fuego/0.webp|photos/dante-brasa-y-fuego/1.webp|photos/dante-brasa-y-fuego/2.webp|photos/dante-brasa-y-fuego/3.webp|photos/dante-brasa-y-fuego/4.webp|photos/dante-brasa-y-fuego/5.webp|photos/dante-brasa-y-fuego/6.webp|photos/dante-brasa-y-fuego/7.webp|photos/dante-brasa-y-fuego/8.webp|photos/dante-brasa-y-fuego/9.webp|photos/dante-brasa-y-fuego/10.webp|photos/dante-brasa-y-fuego/11.webp|photos/dante-brasa-y-fuego/12.webp|photos/dante-brasa-y-fuego/13.webp|photos/dante-brasa-y-fuego/14.webp|photos/dante-brasa-y-fuego/15.webp|photos/dante-brasa-y-fuego/16.webp;adresse;Edgar Allan Poe 41, Polanco, Ciudad de México;media/posts/202604/17978816937001489.jpg|media/posts/202604/17881522641515119.jpg|media/posts/202604/18097701988827766.jpg|media/posts/202604/18077043320396167.jpg|media/posts/202604/18410209693177307.jpg|media/posts/202604/18461190829098626.jpg|media/posts/202604/18097941257083182.jpg|media/posts/202604/17995206734941523.jpg|media/posts/202604/18083670473367084.jpg|media/posts/202604/18202709557340209.jpg|media/posts/202604/18026201231684401.jpg|media/posts/202604/18065618372453884.jpg|media/posts/202604/18314363407261262.jpg|media/posts/202604/18065307056688131.jpg|media/posts/202604/18079015316437737.jpg|media/posts/202604/17961494381923029.jpg|media/posts/202604/18579748591030396.jpg
tse-yang;oui;ok;Tsé Yang;;Chinois;;25 Avenue Pierre 1er de Serbie, 75016 Paris;;Paris;16;48.866824;2.297760;2026-03-26;Incroyable restaurant dans le 16ème arrondissement ! ⛩️ La gastronomie chinoise aux techniques ancestrales par le Chef hongkondais Xie Nai Cai. 🥟;tseyang_paris;https://www.instagram.com/p/DWWyl0tFwVw/;photos/tse-yang/0.webp|photos/tse-yang/1.webp|photos/tse-yang/2.webp|photos/tse-yang/3.webp|photos/tse-yang/4.webp|photos/tse-yang/5.webp|photos/tse-yang/6.webp|photos/tse-yang/7.webp|photos/tse-yang/8.webp|photos/tse-yang/9.webp|photos/tse-yang/10.webp|photos/tse-yang/11.webp|photos/tse-yang/12.webp|photos/tse-yang/13.webp|photos/tse-yang/14.webp|photos/tse-yang/15.webp|photos/tse-yang/16.webp|photos/tse-yang/17.webp;adresse;25 Avenue Pierre 1er de Serbie, 75016 Paris;media/posts/202603/17893405500430785.jpg|media/posts/202603/18068823356300534.jpg|media/posts/202603/18383854765088843.jpg|media/posts/202603/18100306754316976.jpg|media/posts/202603/18001343402871612.jpg|media/posts/202603/18032828321794547.jpg|media/posts/202603/17852088684645772.jpg|media/posts/202603/17861579247555048.jpg|media/posts/202603/18397700359194059.jpg|media/posts/202603/18107534971798555.jpg|media/posts/202603/18109078705833458.jpg|media/posts/202603/18095289398511569.jpg|media/posts/202603/18009016886702331.jpg|media/posts/202603/18106962967852975.jpg|media/posts/202603/18131608027539812.jpg|media/posts/202603/17964705143900399.jpg|media/posts/202603/17939503962179182.jpg|media/posts/202603/18190046050367152.jpg
blueberry;oui;ok;Blueberry;;Japonais;;6 rue du Sabot, 75006 Paris;;Paris;6;48.852764;2.331468;2026-03-17;"Une de mes adresses préférées du 6ᵉ, un maki bar avec une sélection de makis signature incroyable !
Le cadre est très beau, intimiste, et vous pouvez dîner directement au bar si vous le souhaitez.🥢";blueberry_maki_bar;https://www.instagram.com/p/DV_gkpqF0wK/;photos/blueberry/0.webp|photos/blueberry/1.webp|photos/blueberry/2.webp|photos/blueberry/3.webp|photos/blueberry/4.webp|photos/blueberry/5.webp|photos/blueberry/6.webp|photos/blueberry/7.webp|photos/blueberry/8.webp|photos/blueberry/9.webp|photos/blueberry/10.webp|photos/blueberry/11.webp|photos/blueberry/12.webp|photos/blueberry/13.webp|photos/blueberry/14.webp|photos/blueberry/15.webp;adresse;6 rue du Sabot, 75006 Paris;media/posts/202603/18073865984629505.jpg|media/posts/202603/18146394805466779.jpg|media/posts/202603/18077165939424690.jpg|media/posts/202603/18110354947808556.jpg|media/posts/202603/18084313097019948.jpg|media/posts/202603/18128517973484807.jpg|media/posts/202603/18330643171219690.jpg|media/posts/202603/18067648916299295.jpg|media/posts/202603/18076557119437719.jpg|media/posts/202603/18046937657724666.jpg|media/posts/202603/18084316382191796.jpg|media/posts/202603/18573871720055925.jpg|media/posts/202603/18094641854020445.jpg|media/posts/202603/18575582482006303.jpg|media/posts/202603/17959720241922018.jpg|media/posts/202603/17886804087453360.jpg
bambou;oui;ok;Bambou;;Thaï;€€;23 rue des Jeûneurs, 75002 Paris;;Paris;2;48.869331;2.344952;2026-03-16;"Délicieux restaurant thaïlandais dans le 2ᵉ arrondissement, avec un espace extérieur chic et très agréable, éclairé à la bougie le soir, où l’on peut aussi boire de super cocktails 🍸 !!

~ des plats entre 19 et 28€";bambouparis;https://www.instagram.com/p/DV8eDZ8l55K/;photos/bambou/0.webp|photos/bambou/1.webp|photos/bambou/2.webp|photos/bambou/3.webp|photos/bambou/4.webp|photos/bambou/5.webp|photos/bambou/6.webp|photos/bambou/7.webp|photos/bambou/8.webp|photos/bambou/9.webp|photos/bambou/10.webp|photos/bambou/11.webp|photos/bambou/12.webp;adresse;23 rue des Jeûneurs, 75002 Paris;media/posts/202603/18071669768196556.jpg|media/posts/202603/17888814828330034.jpg|media/posts/202603/18120987703611153.jpg|media/posts/202603/17931800937053445.jpg|media/posts/202603/18112275697739673.jpg|media/posts/202603/18002934899887404.jpg|media/posts/202603/18060739421342346.jpg|media/posts/202603/18116095690565066.jpg|media/posts/202603/18096812200805166.jpg|media/posts/202603/18029778395631828.jpg|media/posts/202603/18112174096667698.jpg|media/posts/202603/18059665085386980.jpg|media/posts/202603/18082938794609532.jpg
la-brigade-du-tigre;oui;ok;La Brigade du Tigre;;Asiatique;€€;38 rue du Faubourg Poissonnière, 75010 Paris;;Paris;10;48.873527;2.347989;2026-03-09;"Nouvelle adresse préférée à Paris : un restaurant qui fusionne cuisine asiatique et française.
L’onigiri au sésame noir et le poulet caramélisé, grosses pépites !! 🍘

Formule déjeuner :
	•	Entrée / plat ou plat / dessert : 25 €
	•	Entrée / plat / dessert : 29 €";brigade.du.tigre;https://www.instagram.com/p/DVrBR3_lyOO/;photos/la-brigade-du-tigre/0.webp|photos/la-brigade-du-tigre/1.webp|photos/la-brigade-du-tigre/2.webp|photos/la-brigade-du-tigre/3.webp|photos/la-brigade-du-tigre/4.webp|photos/la-brigade-du-tigre/5.webp|photos/la-brigade-du-tigre/6.webp|photos/la-brigade-du-tigre/7.webp|photos/la-brigade-du-tigre/8.webp|photos/la-brigade-du-tigre/9.webp|photos/la-brigade-du-tigre/10.webp|photos/la-brigade-du-tigre/11.webp|photos/la-brigade-du-tigre/12.webp|photos/la-brigade-du-tigre/13.webp|photos/la-brigade-du-tigre/14.webp|photos/la-brigade-du-tigre/15.webp;adresse;38 rue du Faubourg Poissonnière, 75010 Paris;media/posts/202603/18080789285057047.jpg|media/posts/202603/17952913539091353.jpg|media/posts/202603/18106470058892610.jpg|media/posts/202603/18047668178518006.jpg|media/posts/202603/18166738003409210.jpg|media/posts/202603/18148768567457057.jpg|media/posts/202603/18080594828366187.jpg|media/posts/202603/18095550625983682.jpg|media/posts/202603/18099913175482075.jpg|media/posts/202603/18088651466180274.jpg|media/posts/202603/18092810773851735.jpg|media/posts/202603/17930360520056369.jpg|media/posts/202603/18076429796110264.jpg|media/posts/202603/17869786923570841.jpg|media/posts/202603/17869301460572613.jpg|media/posts/202603/18094593844838690.jpg
shana;oui;ok;Shana;;Bar à vin;€€;14 rue Saint-Sauveur, 75002 Paris;;Paris;2;48.866058;2.348672;2026-03-01;"Une délicieuse cave à manger, ouverte tous les soirs dans une lumière tamisée, au décor désordonné, intimiste et authentique.
Une adresse du chef étoilé Assaf Granit, où l’on trouve une large sélection de vins🍷, des plats à partager au comptoir et surtout le dessert signature : la Beni mousse (mousse au chocolat, huile d’olive et cristaux de sel) ! Le date parfait…

~ des assiettes entre 9 et 27 € 🍮";shana___paris;https://www.instagram.com/p/DVVtVutF3Oc/;photos/shana/0.webp|photos/shana/1.webp|photos/shana/2.webp|photos/shana/3.webp|photos/shana/4.webp|photos/shana/5.webp|photos/shana/6.webp|photos/shana/7.webp|photos/shana/8.webp|photos/shana/9.webp|photos/shana/10.webp;adresse;14 rue Saint-Sauveur, 75002 Paris;media/posts/202603/18073148324550594.jpg|media/posts/202603/18350422405228725.jpg|media/posts/202603/18335843698246486.jpg|media/posts/202603/18426384424184629.jpg|media/posts/202603/18180689299373903.jpg|media/posts/202603/18127732531552865.jpg|media/posts/202603/17910134262344307.jpg|media/posts/202603/17924871777247087.jpg|media/posts/202603/18015782090817943.jpg|media/posts/202603/18174451831383811.jpg|media/posts/202603/18209634070320839.jpg
source;oui;ok;Source;;Matcha & café;;44 rue Pastourelle, 75003 Paris;;Paris;3;48.863239;2.358656;2026-02-25;Un matcha bar où les feuilles de tencha sont moulues à la pierre japonaise traditionnelle, minute et sous vos yeux. Délicieux, super frais et sans aucune amertume.;source_matcha;https://www.instagram.com/p/DVLq6g_lzOb/;photos/source/0.webp|photos/source/1.webp|photos/source/2.webp|photos/source/3.webp|photos/source/4.webp|photos/source/5.webp;adresse;44 rue Pastourelle, 75003 Paris;media/posts/202602/17890630569427061.jpg|media/posts/202602/18061411523673335.jpg|media/posts/202602/18073795469569535.jpg|media/posts/202602/18081265037016875.jpg|media/posts/202602/18538059349064944.jpg|media/posts/202602/18103341295889705.jpg
fellina;oui;ok;Fellina;;Italien;€€;Calle de Caracas 21, Chamberí, Madrid;;Madrid;;40.430779;-3.694473;2026-02-24;"A lovely Italian spot in Madrid with a beautiful interior. Starters were definitely the highlight, especially the beef carpaccio, vitello tonnato and parmigiana. Pizzas and pastas were good but quite simple.

- antipasti from 14,50€ to 18,50€
- pastas from 15,50€ to 21€
- pizzas from 16€ to 19,50€
- desserts from 6€ to 8€ 🍮";fellinamadrid;https://www.instagram.com/p/DVI2H2piK2J/;photos/fellina/0.webp|photos/fellina/1.webp|photos/fellina/2.webp|photos/fellina/3.webp|photos/fellina/4.webp|photos/fellina/5.webp|photos/fellina/6.webp|photos/fellina/7.webp|photos/fellina/8.webp|photos/fellina/9.webp|photos/fellina/10.webp;adresse;Calle de Caracas 21, Chamberí, Madrid;media/posts/202602/17876930595484940.jpg|media/posts/202602/18112088992726752.jpg|media/posts/202602/18123946237564370.jpg|media/posts/202602/17937408393013844.jpg|media/posts/202602/17949557844092108.jpg|media/posts/202602/17875791972514602.jpg|media/posts/202602/18315619459251822.jpg|media/posts/202602/18026826599619595.jpg|media/posts/202602/18070632614552643.jpg|media/posts/202602/18563001721059975.jpg|media/posts/202602/18567658906050795.jpg
42-gymkhana;oui;ok;42  Gymkhana;;Bar à cocktails;€€;42 Albemarle Street, Mayfair, London;;London;;51.508481;-0.141486;2026-02-23;"A cocktail lounge in Mayfair serving some of London’s best cocktails !!
A refined, intimate setting filled with artworks, antiques and eclectic objects, giving Indian private club vibes.

~ £20/30";42__gymkhana;https://www.instagram.com/p/DVGZ57MjEiG/;photos/42-gymkhana/0.webp|photos/42-gymkhana/1.webp|photos/42-gymkhana/2.webp|photos/42-gymkhana/3.webp|photos/42-gymkhana/4.webp|photos/42-gymkhana/5.webp|photos/42-gymkhana/6.webp|photos/42-gymkhana/7.webp;adresse;42 Albemarle Street, Mayfair, London;media/posts/202602/18059113919348644.jpg|media/posts/202602/18097512143506998.jpg|media/posts/202602/18084552313967647.jpg|media/posts/202602/17868476199560567.jpg|media/posts/202602/17884436223451554.jpg|media/posts/202602/18133465573508641.jpg|media/posts/202602/18038008235757197.jpg|media/posts/202602/18115363135714173.jpg
kricket;oui;ok;Kricket;;Indien;€€;35-42 Charlotte Road, Shoreditch, London;Soho · Brixton · Canary Wharf;London;;51.525100;-0.080971;2026-02-20;"A delicious Indian restaurant combining traditional Indian specialties with British ingredients 🥙

~ Mains from £8 to £32";kricketlondon;https://www.instagram.com/p/DU_ZlCzDICu/;photos/kricket/0.webp|photos/kricket/1.webp|photos/kricket/2.webp|photos/kricket/3.webp|photos/kricket/4.webp|photos/kricket/5.webp|photos/kricket/6.webp|photos/kricket/7.webp|photos/kricket/8.webp|photos/kricket/9.webp|photos/kricket/10.webp|photos/kricket/11.webp;vérifiée;35-42 Charlotte Road, Shoreditch, London;media/posts/202602/18105912694652342.jpg|media/posts/202602/18193250656347174.jpg|media/posts/202602/17895616662263609.jpg|media/posts/202602/18105810664833588.jpg|media/posts/202602/18381767293080216.jpg|media/posts/202602/18090461882114437.jpg|media/posts/202602/18090561914038409.jpg|media/posts/202602/17898774819240137.jpg|media/posts/202602/18075726602579252.jpg|media/posts/202602/18067232159273364.jpg|media/posts/202602/18066268085282032.jpg|media/posts/202602/18093912829970239.jpg
lauberge;oui;ok;L’Auberge;;Français;€€€;Abbaye des Vaux de Cernay, 78720 Cernay-la-Ville;;Cernay-la-Ville;;48.684205;1.935888;2026-02-09;"Un des restaurants de @abbayedesvauxdecernay_hotel , à 45 minutes de Paris et ouvert à la clientèle extérieure. Une vieille bâtisse avec des murs tapissés, une décoration conviviale, et un chanteur à la tombée de la nuit. Une carte délicieuse et un service très agréable, en face du lac de l’hôtel. 🕯️🍷

~ plats de 24 à 48€";abbayedesvauxdecernay_hotel;https://www.instagram.com/p/DUiqNmzDFmH/;photos/lauberge/0.webp|photos/lauberge/1.webp|photos/lauberge/2.webp|photos/lauberge/3.webp|photos/lauberge/4.webp|photos/lauberge/5.webp|photos/lauberge/6.webp|photos/lauberge/7.webp;adresse;Abbaye des Vaux de Cernay, 78720 Cernay-la-Ville;media/posts/202602/18092847485073953.jpg|media/posts/202602/18071046992164804.jpg|media/posts/202602/18141703450477913.jpg|media/posts/202602/17886223110439426.jpg|media/posts/202602/18083665309969704.jpg|media/posts/202602/17989784819761168.jpg|media/posts/202602/18111404239646788.jpg|media/posts/202602/17880166095375796.jpg
nac;oui;ok;NAC;;Brunch;€€;41 North Audley Street, London;;London;;51.512435;-0.153430;2026-02-04;"Such a great spot for brunch ; good coffee, comfort food, and that perfect cookie though🍪

~ mains from £16 to £36";nacmayfair;https://www.instagram.com/p/DUVXta8jBka/;photos/nac/0.webp|photos/nac/1.webp|photos/nac/2.webp|photos/nac/3.webp|photos/nac/4.webp|photos/nac/5.webp;adresse;41 North Audley Street, London;media/posts/202602/17973068292002290.jpg|media/posts/202602/17875783002493925.jpg|media/posts/202602/17862510033512077.jpg|media/posts/202602/18039842954743553.jpg|media/posts/202602/18051627863479253.jpg|media/posts/202602/17930507886183793.jpg
lambroisie;oui;ok;L’Ambroisie;;Gastronomique;;9 place des Vosges, 75004 Paris;;Paris;4;48.855422;2.364161;2026-02-03;"Table mythique de la place des Vosges, du chef Bernard Pacaud. 3 étoiles au @michelinguide , une grande maison de la gastronomie française ; à garder pour les grandes occasions ✨🍽️";ambroisieparis;https://www.instagram.com/p/DUS_EJMDF6t/;photos/lambroisie/0.webp|photos/lambroisie/1.webp|photos/lambroisie/2.webp|photos/lambroisie/3.webp|photos/lambroisie/4.webp|photos/lambroisie/5.webp|photos/lambroisie/6.webp|photos/lambroisie/7.webp|photos/lambroisie/8.webp|photos/lambroisie/9.webp|photos/lambroisie/10.webp|photos/lambroisie/11.webp;adresse;9 place des Vosges, 75004 Paris;media/posts/202602/17885737329433632.jpg|media/posts/202602/17860209849533829.jpg|media/posts/202602/18313535566268414.jpg|media/posts/202602/18109303384733311.jpg|media/posts/202602/18127055659475397.jpg|media/posts/202602/17863695936576191.jpg|media/posts/202602/17874616566502488.jpg|media/posts/202602/18105663805782285.jpg|media/posts/202602/18504426265073080.jpg|media/posts/202602/17879076771466737.jpg|media/posts/202602/17956758918054236.jpg|media/posts/202602/18340406443209081.jpg
nouilles-ceintures;oui;ok;Nouilles Ceintures;;Chinois;€;17 rue du Faubourg Montmartre, 75009 Paris;69 rue du Faubourg Poissonnière, 75009 Paris · 99 rue des Dames, 75017 Paris;Paris;9;48.872601;2.343003;2026-02-02;"Spécialité emblématique de Xi’an en Chine, les nouilles ceintures tirent leur nom de leur forme large. Une tradition qui se déguste maintenant à Paris. Ici, on compose son bol sur-mesure en choisissant la largeur des nouilles, l’accompagnement (bœuf braisé, poulet et champignons, porc mijoté…), le niveau de piment 🌶️, avec ou sans bouillon…

~10/15€";nouilles_ceintures;https://www.instagram.com/p/DUP9-suDBpA/;photos/nouilles-ceintures/0.webp|photos/nouilles-ceintures/1.webp|photos/nouilles-ceintures/2.webp|photos/nouilles-ceintures/3.webp|photos/nouilles-ceintures/4.webp|photos/nouilles-ceintures/5.webp|photos/nouilles-ceintures/6.webp|photos/nouilles-ceintures/7.webp;adresse;17 rue du Faubourg Montmartre, 75009 Paris;media/posts/202602/18093142145071531.jpg|media/posts/202602/17873872911413647.jpg|media/posts/202602/18087827135471187.jpg|media/posts/202602/17924605932214173.jpg|media/posts/202602/18308810098268858.jpg|media/posts/202602/18252636883293243.jpg|media/posts/202602/18390621781146394.jpg|media/posts/202602/18304732063257075.jpg
drouant;oui;ok;Drouant;;Français;€€€;16-18 rue Gaillon, 75002 Paris;;Paris;2;48.868178;2.333989;2026-01-28;"Restaurant français qui propose une cuisine classique subtilement revisitée. Une institution parisienne depuis 1880, lieu mythique au décor feutré.

~ plats de 32 à 49€
~ formule brunch à 40€";drouantparis;https://www.instagram.com/p/DUENwktjPHa/;photos/drouant/0.webp|photos/drouant/1.webp|photos/drouant/2.webp|photos/drouant/3.webp|photos/drouant/4.webp|photos/drouant/5.webp|photos/drouant/6.webp|photos/drouant/7.webp|photos/drouant/8.webp|photos/drouant/9.webp|photos/drouant/10.webp|photos/drouant/11.webp|photos/drouant/12.webp|photos/drouant/13.webp|photos/drouant/14.webp|photos/drouant/15.webp|photos/drouant/16.webp|photos/drouant/17.webp|photos/drouant/18.webp|photos/drouant/19.webp;adresse;16-18 rue Gaillon, 75002 Paris;media/posts/202601/18125743645546619.jpg|media/posts/202601/17983657841946645.jpg|media/posts/202601/17851821831664313.jpg|media/posts/202601/18063923597283218.jpg|media/posts/202601/18076538285594057.jpg|media/posts/202601/18085111874170376.jpg|media/posts/202601/18304436068258162.jpg|media/posts/202601/17848130256637892.jpg|media/posts/202601/18068681114212648.jpg|media/posts/202601/18109327435660775.jpg|media/posts/202601/18071163422134730.jpg|media/posts/202601/18053424668678993.jpg|media/posts/202601/18356240098205362.jpg|media/posts/202601/18080886158192488.jpg|media/posts/202601/18504236005077818.jpg|media/posts/202601/18085337645143952.jpg|media/posts/202601/17852447859656824.jpg|media/posts/202601/17908983645336506.jpg|media/posts/202601/18503780119077443.jpg|media/posts/202601/18187431019357719.jpg
les-antiquaires;oui;ok;Les Antiquaires;;Brasserie;€€;13 rue du Bac, 75007 Paris;;Paris;7;48.858623;2.328727;2026-01-27;"Très bonne brasserie française dans un cadre typiquement parisien.

~ plats de 16 à 48€";les_antiquaires_paris;https://www.instagram.com/p/DUBnUEcjPde/;photos/les-antiquaires/0.webp|photos/les-antiquaires/1.webp|photos/les-antiquaires/2.webp|photos/les-antiquaires/3.webp|photos/les-antiquaires/4.webp|photos/les-antiquaires/5.webp|photos/les-antiquaires/6.webp|photos/les-antiquaires/7.webp|photos/les-antiquaires/8.webp|photos/les-antiquaires/9.webp|photos/les-antiquaires/10.webp|photos/les-antiquaires/11.webp|photos/les-antiquaires/12.webp|photos/les-antiquaires/13.webp;adresse;13 rue du Bac, 75007 Paris;media/posts/202601/18104840224695822.jpg|media/posts/202601/17985865049775707.jpg|media/posts/202601/18190394389343594.jpg|media/posts/202601/17847793596637533.jpg|media/posts/202601/17988994724760726.jpg|media/posts/202601/18092558902807816.jpg|media/posts/202601/17879214690462677.jpg|media/posts/202601/18074154326382071.jpg|media/posts/202601/18071234099148274.jpg|media/posts/202601/18121509817566966.jpg|media/posts/202601/17991571775750404.jpg|media/posts/202601/18089486209854307.jpg|media/posts/202601/18085135928156088.jpg|media/posts/202601/18081859882984183.jpg
hanso-cafe;oui;ok;Hanso Café;;Matcha & café;€€;Corredera Baja de San Pablo 51, Madrid;Costanilla de los Ángeles 7, Madrid;Madrid;;40.423509;-3.702627;2026-01-19;"One of my favorite places in Madrid, with an ultra-minimalist vibe. Perfect for brunch, coffee, or getting some work done.
You’ll also find delicious Japanese and Asian-inspired desserts, like matcha mille-crêpes or a Korean strawberry cake 🍰!

~ 10/20€";hansocafe;https://www.instagram.com/p/DTs7LRDDCR0/;photos/hanso-cafe/0.webp|photos/hanso-cafe/1.webp|photos/hanso-cafe/2.webp|photos/hanso-cafe/3.webp|photos/hanso-cafe/4.webp|photos/hanso-cafe/5.webp|photos/hanso-cafe/6.webp|photos/hanso-cafe/7.webp|photos/hanso-cafe/8.webp|photos/hanso-cafe/9.webp|photos/hanso-cafe/10.webp|photos/hanso-cafe/11.webp;adresse;Corredera Baja de San Pablo 51, Madrid;media/posts/202601/18443775304101930.jpg|media/posts/202601/18397058113181413.jpg|media/posts/202601/18446949940101203.jpg|media/posts/202601/18403199749132564.jpg|media/posts/202601/18034837424554645.jpg|media/posts/202601/18083901037906070.jpg|media/posts/202601/17846199927646509.jpg|media/posts/202601/18027449441742317.jpg|media/posts/202601/18356221819161679.jpg|media/posts/202601/17845585437671566.jpg|media/posts/202601/18344043463235880.jpg|media/posts/202601/17849218263654271.jpg
le-bar-des-pres;oui;ok;Le Bar des Prés;;Japonais;€€€;25 rue du Dragon, 75006 Paris;21 rue Bayard, 75008 Paris · 16 Albemarle St, Mayfair, London;Paris;6;48.852835;2.330511;2026-01-18;Imaginé par Cyril Lignac, une carte aux influences nipponnes, dans un cadre chic et intimiste.;bardespres;https://www.instagram.com/p/DTqX8v6DLW2/;photos/le-bar-des-pres/0.webp|photos/le-bar-des-pres/1.webp|photos/le-bar-des-pres/2.webp|photos/le-bar-des-pres/3.webp|photos/le-bar-des-pres/4.webp|photos/le-bar-des-pres/5.webp|photos/le-bar-des-pres/6.webp|photos/le-bar-des-pres/7.webp|photos/le-bar-des-pres/8.webp|photos/le-bar-des-pres/9.webp|photos/le-bar-des-pres/10.webp;adresse;25 rue du Dragon, 75006 Paris;media/posts/202601/18322720675219736.jpg|media/posts/202601/17976859400969726.jpg|media/posts/202601/18131345791508745.jpg|media/posts/202601/18311299267266957.jpg|media/posts/202601/18085567478274963.jpg|media/posts/202601/18070534883621270.jpg|media/posts/202601/17872722951508440.jpg|media/posts/202601/18523557496069552.jpg|media/posts/202601/18145261543456749.jpg|media/posts/202601/18086630102275261.jpg|media/posts/202601/18080972885189862.jpg
la-trattoria;oui;ok;La Trattoria;;Italien;€€;Abbaye des Vaux de Cernay, 78720 Cernay-la-Ville;;Cernay-la-Ville;;48.684205;1.935888;2026-01-14;"Un restaurant italien 🍝 de @abbayedesvauxdecernay_hotel , à 45 minutes de Paris, situé au niveau du pavillon de la Ferme et ouvert à la clientèle extérieure.
Cette trattoria est un restaurant Bambini, dont on retrouve une autre adresse avenue du Président-Wilson, au Palais de Tokyo, dans le 16e arrondissement de Paris.

~ des assiettes de 16 à 39€";abbayedesvauxdecernay_hotel;https://www.instagram.com/p/DTfeASNjO-I/;photos/la-trattoria/0.webp|photos/la-trattoria/1.webp|photos/la-trattoria/2.webp|photos/la-trattoria/3.webp|photos/la-trattoria/4.webp|photos/la-trattoria/5.webp|photos/la-trattoria/6.webp|photos/la-trattoria/7.webp|photos/la-trattoria/8.webp|photos/la-trattoria/9.webp|photos/la-trattoria/10.webp;adresse;Abbaye des Vaux de Cernay, 78720 Cernay-la-Ville;media/posts/202601/17923949091213764.jpg|media/posts/202601/18092354161785613.jpg|media/posts/202601/18039218282736634.jpg|media/posts/202601/18061971842300891.jpg|media/posts/202601/18112565554623848.jpg|media/posts/202601/18107084299591291.jpg|media/posts/202601/18164325355403504.jpg|media/posts/202601/18020409233799282.jpg|media/posts/202601/18076219643368351.jpg|media/posts/202601/18103185148771829.jpg|media/posts/202601/18092297915290471.jpg
bancone;oui;ok;Bancone;;Italien;€;39 William IV Street, Covent Garden, London;Golden Square · Borough Yards · Kensington · Soho (bientôt);London;;51.509547;-0.126412;2026-01-13;"A delicious Italian spot with fresh, handmade pasta✨
~ plates from £10 to £19 (+9 with truffle)";bancone.pasta;https://www.instagram.com/p/DTdgRvMDM_l/;photos/bancone/0.webp|photos/bancone/1.webp|photos/bancone/2.webp|photos/bancone/3.webp;vérifiée;39 William IV Street, Covent Garden, London;media/posts/202601/17847680940652753.jpg|media/posts/202601/17918920062252762.jpg|media/posts/202601/17986114577940739.jpg|media/posts/202601/18093797857936452.jpg
petit-bao;oui;position devinée par le nom : vérifie l'adresse puis mets « vérifiée » dans position;Petit Bao;;Chinois;€;Ternes, Paris 17e;Petit Bao Étienne Marcel (2e) · Petit Bao Faubourg Saint-Denis (10e) · Petit Bao Bastille (11e) · Bleu Bao (9e) · Gros Bao (10e);Paris;17;48.877642;2.299333;2026-01-12;"Une cantine chinoise où on commande plusieurs plats à partager🍱

~ des assiettes de 6 à 16€";bao.family;https://www.instagram.com/p/DTaNPsFjWGa/;photos/petit-bao/0.webp|photos/petit-bao/1.webp|photos/petit-bao/2.webp|photos/petit-bao/3.webp;nom;Ternes, Paris 17e;media/posts/202601/18353797525165025.jpg|media/posts/202601/18065407511224949.jpg|media/posts/202601/17860613841514136.jpg|media/posts/202601/18392424397183931.jpg
dragon;oui;ok;Dragon;;Asiatique;€€;29 rue du Dragon, 75006 Paris;;Paris;6;48.852707;2.330406;2026-01-11;"29 rue du Dragon, dans le 6ᵉ : une parenthèse asiatique signée Cyril Lignac. Une cuisine délicieuse dans un cadre magnifique🥟🐉

~ des assiettes de 9€ à 29€";dragon_cyrillignac;https://www.instagram.com/p/DTYHRHvDT8C/;photos/dragon/0.webp|photos/dragon/1.webp|photos/dragon/2.webp|photos/dragon/3.webp|photos/dragon/4.webp|photos/dragon/5.webp|photos/dragon/6.webp|photos/dragon/7.webp;adresse;29 rue du Dragon, 75006 Paris;media/posts/202601/18037336442732383.jpg|media/posts/202601/18309020344264371.jpg|media/posts/202601/18551407954034111.jpg|media/posts/202601/18353404183206486.jpg|media/posts/202601/18305202289284026.jpg|media/posts/202601/18067397291540179.jpg|media/posts/202601/18100730101886330.jpg|media/posts/202601/17860959897574121.jpg
james-bar;oui;ok;James’ Bar;;Bar à cocktails;€€;Abbaye des Vaux de Cernay, 78720 Cernay-la-Ville;;Cernay-la-Ville;;48.684205;1.935888;2026-01-10;"Un des restaurants de @abbayedesvauxdecernay_hotel réservé à la clientèle de l’hôtel, à 45 minutes de Paris. Un service continu au coin du feu, le cadre est magnifique et les cocktails à tomber 🍸🕯️

~ assiettes de 16 à 32€
~ cocktails à 20€";abbayedesvauxdecernay_hotel;https://www.instagram.com/p/DTVraYhDDa5/;photos/james-bar/0.webp|photos/james-bar/1.webp|photos/james-bar/2.webp|photos/james-bar/3.webp|photos/james-bar/4.webp|photos/james-bar/5.webp|photos/james-bar/6.webp|photos/james-bar/7.webp|photos/james-bar/8.webp|photos/james-bar/9.webp|photos/james-bar/10.webp|photos/james-bar/11.webp|photos/james-bar/12.webp|photos/james-bar/13.webp|photos/james-bar/14.webp|photos/james-bar/15.webp;adresse;Abbaye des Vaux de Cernay, 78720 Cernay-la-Ville;media/posts/202601/17895294705244926.jpg|media/posts/202601/18550692268019378.jpg|media/posts/202601/17983025834945299.jpg|media/posts/202601/18087437518860328.jpg|media/posts/202601/17858150742592821.jpg|media/posts/202601/18059353136672003.jpg|media/posts/202601/18055614470357867.jpg|media/posts/202601/18050468831475270.jpg|media/posts/202601/17883710529430771.jpg|media/posts/202601/18106863556730915.jpg|media/posts/202601/17975293847980078.jpg|media/posts/202601/18330257761244600.jpg|media/posts/202601/18306276649252154.jpg|media/posts/202601/17888776896284740.jpg|media/posts/202601/18388258060194779.jpg|media/posts/202601/17953590120026863.jpg
fellows;oui;ok;Fellows;;Italien;€;Passage du Désir, 75010 Paris;;Paris;10;48.873813;2.355165;2026-01-08;"Restaurant italien végétarien dans le 10ᵉ arrondissement de Paris, délicieuses pâtes maison préparées sous vos yeux ! Le service est hyper convivial et les prix raisonnables ;)

~ assiettes entre 9 et 13€";fellows_restaurants;https://www.instagram.com/p/DTPv8ECDNcK/;photos/fellows/0.webp|photos/fellows/1.webp|photos/fellows/2.webp|photos/fellows/3.webp|photos/fellows/4.webp;vérifiée;Passage du Désir, 75010 Paris;media/posts/202601/18072810263099125.jpg|media/posts/202601/17933004978149881.jpg|media/posts/202601/18123015748542756.jpg|media/posts/202601/18037572914726335.jpg|media/posts/202601/18087398275847368.jpg
casa-mikuna;oui;ok;Casa Mikuna;;Sud-américain;;Rue du Faubourg Poissonnière, 75009 Paris;;Paris;9;48.874554;2.347892;2025-12-19;@casamikuna Une cuisine sud-américaine délicieuse et de très bons cocktails, dans le 9ᵉ arrondissement, rue du Faubourg Poissonnière🍸;casamikuna;https://www.instagram.com/p/DScmQt7jLo1/;photos/casa-mikuna/0.webp|photos/casa-mikuna/1.webp|photos/casa-mikuna/2.webp|photos/casa-mikuna/3.webp|photos/casa-mikuna/4.webp|photos/casa-mikuna/5.webp|photos/casa-mikuna/6.webp|photos/casa-mikuna/7.webp|photos/casa-mikuna/8.webp|photos/casa-mikuna/9.webp|photos/casa-mikuna/10.webp|photos/casa-mikuna/11.webp;vérifiée;Rue du Faubourg Poissonnière, 75009 Paris;media/posts/202512/18094094915509205.jpg|media/posts/202512/17922502266197304.jpg|media/posts/202512/18088628917988195.jpg|media/posts/202512/18096467476846245.jpg|media/posts/202512/17891416404386917.jpg|media/posts/202512/18052566890386030.jpg|media/posts/202512/18372447997086841.jpg|media/posts/202512/17982480653776475.jpg|media/posts/202512/17962570995007125.jpg|media/posts/202512/17847940413618661.jpg|media/posts/202512/18064279751210373.jpg|media/posts/202512/17989477769860493.jpg
cafe-central;oui;ok;Café Central;;Brasserie;€€;Rue Cler, 75007 Paris;;Paris;7;48.856467;2.306450;2025-12-18;"Très bonne brasserie parisienne 🍽️
Rue Cler dans le 7ᵉ arrondissement ;)

~ des plats entre 16 et 35€";lecentral_paris;https://www.instagram.com/p/DSZrCB1jDPp/;photos/cafe-central/0.webp|photos/cafe-central/1.webp|photos/cafe-central/2.webp|photos/cafe-central/3.webp|photos/cafe-central/4.webp|photos/cafe-central/5.webp|photos/cafe-central/6.webp|photos/cafe-central/7.webp;vérifiée;Rue Cler, 75007 Paris;media/posts/202512/17843672568654198.jpg|media/posts/202512/18341707567239809.jpg|media/posts/202512/18102381181690280.jpg|media/posts/202512/17854779549593015.jpg|media/posts/202512/17942679320960856.jpg|media/posts/202512/18088775320803724.jpg|media/posts/202512/18105784384709756.jpg|media/posts/202512/18089359270800045.jpg
bocado;oui;ok;Bocado;;Brunch;€€;Calle de Santa Teresa 1, Madrid;;Madrid;;40.426238;-3.696285;2025-12-12;~10/20€;bocadomadrid;https://www.instagram.com/p/DSLJ2ujDPSi/;photos/bocado/0.webp|photos/bocado/1.webp|photos/bocado/2.webp|photos/bocado/3.webp|photos/bocado/4.webp|photos/bocado/5.webp|photos/bocado/6.webp;vérifiée;Calle de Santa Teresa 1, Madrid;media/posts/202512/18146913337434247.jpg|media/posts/202512/18087792196976951.jpg|media/posts/202512/17925209028178476.jpg|media/posts/202512/18076685663195626.jpg|media/posts/202512/17887548558408254.jpg|media/posts/202512/18108564127623452.jpg|media/posts/202512/18088067551994676.jpg
cafe-nuances;oui;ok;Café Nuances;;Matcha & café;;Rue de l’Abbé Migne, 75004 Paris;Paris 1er · Paris 6e · Paris 8e;Paris;4;48.858890;2.358241;2025-12-11;"One of my favorite matcha spots in Paris✨
You’ll find it in the 1st, 4th, 6th and 8th arrondissements ☕️";cafenuances;https://www.instagram.com/p/DSIkAwGjKt8/;photos/cafe-nuances/0.webp|photos/cafe-nuances/1.webp|photos/cafe-nuances/2.webp|photos/cafe-nuances/3.webp|photos/cafe-nuances/4.webp|photos/cafe-nuances/5.webp;vérifiée;Rue de l’Abbé Migne, 75004 Paris;media/posts/202512/17880198600431580.jpg|media/posts/202512/17895557202222138.jpg|media/posts/202512/18097420252891575.jpg|media/posts/202512/17894253675365823.jpg|media/posts/202512/18318272944217437.jpg|media/posts/202512/18050495633398188.jpg
laffable;oui;épingle approximative (centre du quartier) : saisis lat/lng puis mets « vérifiée » dans position;L’Affable;;Français;;Paris 7e;;Paris;7;48.856491;2.312800;2025-12-10;Delicious French cuisine in Paris’ 7th. A chic, intimate setting and a highly varied wine list🍷;laffableparis;https://www.instagram.com/p/DSFY7vTjHLX/;photos/laffable/0.webp|photos/laffable/1.webp|photos/laffable/2.webp|photos/laffable/3.webp|photos/laffable/4.webp|photos/laffable/5.webp|photos/laffable/6.webp|photos/laffable/7.webp|photos/laffable/8.webp|photos/laffable/9.webp|photos/laffable/10.webp|photos/laffable/11.webp|photos/laffable/12.webp|photos/laffable/13.webp;quartier;Paris 7e;media/posts/202512/18067970420408245.jpg|media/posts/202512/17871869418469469.jpg|media/posts/202512/18370113358095022.jpg|media/posts/202512/17846881527618758.jpg|media/posts/202512/18088685432001324.jpg|media/posts/202512/18155336605410694.jpg|media/posts/202512/18323545291172400.jpg|media/posts/202512/17981607362776008.jpg|media/posts/202512/18015791699800214.jpg|media/posts/202512/18115850473579987.jpg|media/posts/202512/18109320118624146.jpg|media/posts/202512/17968706972835026.jpg|media/posts/202512/17867430855506821.jpg|media/posts/202512/18106800583559789.jpg
ishtar;oui;ok;Ishtar;;Méditerranéen;;10-12 Crawford Street, Marylebone, London;;London;;51.520113;-0.158209;2025-12-09;Located in Marylebone, London, @ishtarlondon serves a mix of Mediterranean tapas and Turkish specialties, plus fresh salads, seafood, and grilled meats… Absolute must: the künefe for dessert!;ishtarlondon;https://www.instagram.com/p/DSC5ScxDGR4/;photos/ishtar/0.webp|photos/ishtar/1.webp|photos/ishtar/2.webp|photos/ishtar/3.webp|photos/ishtar/4.webp;vérifiée;10-12 Crawford Street, Marylebone, London;media/posts/202512/17844377856631170.jpg|media/posts/202512/17972700329812113.jpg|media/posts/202512/17959744379881559.jpg|media/posts/202512/18061087331252220.jpg|media/posts/202512/17902451739327573.jpg
katsu;oui;ok;Katsu;;Japonais;€€;Calle de la Luna 22, Madrid;;Madrid;;40.422462;-3.706178;2025-12-02;"A small Japanese restaurant in the Malasaña neighborhood of Madrid, with a menu focused on Japanese-style breaded dishes. Really good food with high-quality ingredients, a central location, and very reasonable prices, a must-visit for Madrid foodies!

~ 15/25€";katsu.madrid;https://www.instagram.com/p/DRwwXmrDDNO/;photos/katsu/0.webp|photos/katsu/1.webp|photos/katsu/2.webp|photos/katsu/3.webp|photos/katsu/4.webp|photos/katsu/5.webp|photos/katsu/6.webp|photos/katsu/7.webp|photos/katsu/8.webp;vérifiée;Calle de la Luna 22, Madrid;media/posts/202512/18095536720892009.jpg|media/posts/202512/18064845362440138.jpg|media/posts/202512/18104536558657650.jpg|media/posts/202512/18025143962773019.jpg|media/posts/202512/18083657513022149.jpg|media/posts/202512/17985950264870918.jpg|media/posts/202512/18352710181167795.jpg|media/posts/202512/18102098791706964.jpg|media/posts/202512/18341748571225518.jpg
avobar;oui;ok;Avobar;;Brunch;€;60 Chiltern Street, Marylebone, London;;London;;51.519552;-0.155025;2025-12-02;"An original “avocado bar” concept that promotes wellness with balanced dishes, superfood blends, and specialty coffees. Located in Marylebone, London.
Dishes start at £11.50, with a wide range of add-ons to customize them. Homemade cakes, a smoothie bar… the perfect spot for a great brunch after your pilates class!";avobarlondon;https://www.instagram.com/p/DRxZED9DIvT/;photos/avobar/0.webp|photos/avobar/1.webp|photos/avobar/2.webp|photos/avobar/3.webp|photos/avobar/4.webp|photos/avobar/5.webp|photos/avobar/6.webp;vérifiée;60 Chiltern Street, Marylebone, London;media/posts/202512/17931408774139279.jpg|media/posts/202512/18087293578825886.jpg|media/posts/202512/17871089289469144.jpg|media/posts/202512/17947192413084548.jpg|media/posts/202512/18025374554782325.jpg|media/posts/202512/18076489004189781.jpg|media/posts/202512/18135484561466747.jpg
la-alquimia;oui;épingle approximative (centre du quartier) : saisis lat/lng puis mets « vérifiée » dans position;La Alquimia;;Bar à vin;;Salamanca, Madrid;;Madrid;;40.427045;-3.680602;2025-12-01;A natural wine bar in a intimate setting in Salamanca, Madrid.;laalquimiavinos;https://www.instagram.com/p/DRt_cOUDEux/;photos/la-alquimia/0.webp|photos/la-alquimia/1.webp|photos/la-alquimia/2.webp|photos/la-alquimia/3.webp|photos/la-alquimia/4.webp|photos/la-alquimia/5.webp|photos/la-alquimia/6.webp|photos/la-alquimia/7.webp|photos/la-alquimia/8.webp|photos/la-alquimia/9.webp|photos/la-alquimia/10.webp|photos/la-alquimia/11.webp;quartier;Salamanca, Madrid;media/posts/202512/17893090683367327.jpg|media/posts/202512/17984595563764419.jpg|media/posts/202512/18186463252343120.jpg|media/posts/202512/18091831112494768.jpg|media/posts/202512/18175869871368993.jpg|media/posts/202512/17916458064216374.jpg|media/posts/202512/18104012137591004.jpg|media/posts/202512/18076752304983240.jpg|media/posts/202512/18013877927800001.jpg|media/posts/202512/18087686218795694.jpg|media/posts/202512/18049701650675308.jpg|media/posts/202512/17909057052257831.jpg
granger-co;oui;ok;Granger & Co.;;Brunch;;237 Pavilion Road, Chelsea, London;King’s Cross · Marylebone · Notting Hill;London;;51.493813;-0.158772;2025-12-01;One of my favourite brunch spots in London, with a super varied menu. Special mention for their scrambled eggs and pancakes 🥞;grangerandco;https://www.instagram.com/p/DRuaNimDNM2/;photos/granger-co/0.webp|photos/granger-co/1.webp|photos/granger-co/2.webp|photos/granger-co/3.webp|photos/granger-co/4.webp|photos/granger-co/5.webp|photos/granger-co/6.webp|photos/granger-co/7.webp|photos/granger-co/8.webp|photos/granger-co/9.webp|photos/granger-co/10.webp|photos/granger-co/11.webp|photos/granger-co/12.webp|photos/granger-co/13.webp;vérifiée;237 Pavilion Road, Chelsea, London;media/posts/202512/18128990590499848.jpg|media/posts/202512/17909173632126589.jpg|media/posts/202512/18352599727161045.jpg|media/posts/202512/17850371037599550.jpg|media/posts/202512/18050244395394774.jpg|media/posts/202512/17981122430776239.jpg|media/posts/202512/17953502607030681.jpg|media/posts/202512/17854741083578741.jpg|media/posts/202512/17953152819044798.jpg|media/posts/202512/18134516770486228.jpg|media/posts/202512/17967723188991772.jpg|media/posts/202512/18115938193572176.jpg|media/posts/202512/17880236784327611.jpg|media/posts/202512/17845326186606497.jpg
mercato-mayfair;oui;ok;Mercato Mayfair;;Food market;;13 North Audley Street, Mayfair, London;;London;;51.513078;-0.153246;2025-11-19;A deconsecrated church transformed into a food market. A truly exceptional place with plenty of variety!;;https://www.instagram.com/p/DRPy86CjGQ9/;photos/mercato-mayfair/0.webp|photos/mercato-mayfair/1.webp|photos/mercato-mayfair/2.webp|photos/mercato-mayfair/3.webp|photos/mercato-mayfair/4.webp|photos/mercato-mayfair/5.webp|photos/mercato-mayfair/6.webp|photos/mercato-mayfair/7.webp|photos/mercato-mayfair/8.webp|photos/mercato-mayfair/9.webp|photos/mercato-mayfair/10.webp|photos/mercato-mayfair/11.webp;vérifiée;13 North Audley Street, Mayfair, London;media/posts/202511/18084684728094155.jpg|media/posts/202511/17952947415043778.jpg|media/posts/202511/18093476239853603.jpg|media/posts/202511/18151383733421195.jpg|media/posts/202511/18373048441158908.jpg|media/posts/202511/17887728033264714.jpg|media/posts/202511/17884092150407205.jpg|media/posts/202511/18077946662164123.jpg|media/posts/202511/17867518008496010.jpg|media/posts/202511/18124559947509268.jpg|media/posts/202511/18091642513920895.jpg|media/posts/202511/18299911207254538.jpg
the-monocle-cafe;oui;ok;The Monocle Café;;Matcha & café;;18 Chiltern Street, Marylebone, London;;London;;51.518813;-0.154642;2025-11-18;In Marylebone, London, @monocle_cafe is the concept café of the UK magazine Monocle. Perfect for enjoying a breakfast, especially their delicious cinnamon roll.;monocle_cafe;https://www.instagram.com/p/DRNWvc3DFeW/;photos/the-monocle-cafe/0.webp|photos/the-monocle-cafe/1.webp|photos/the-monocle-cafe/2.webp|photos/the-monocle-cafe/3.webp|photos/the-monocle-cafe/4.webp|photos/the-monocle-cafe/5.webp;vérifiée;18 Chiltern Street, Marylebone, London;media/posts/202511/17869420725396580.jpg|media/posts/202511/18076006009965683.jpg|media/posts/202511/18105195307640892.jpg|media/posts/202511/18168988456374704.jpg|media/posts/202511/17966799617833827.jpg|media/posts/202511/18072876287521992.jpg
padella;oui;ok;Padella;;Italien;;New North Place, Shoreditch, London;Borough;London;;51.523315;-0.081995;2025-11-13;Dinner at @padella_pasta , serving fresh Italian pasta in Shoreditch and Borough (London).;padella_pasta;https://www.instagram.com/p/DRAUsgWjOae/;photos/padella/0.webp|photos/padella/1.webp|photos/padella/2.webp|photos/padella/3.webp;vérifiée;New North Place, Shoreditch, London;media/posts/202511/18093326722896334.jpg|media/posts/202511/18092710252721965.jpg|media/posts/202511/17871088203461859.jpg|media/posts/202511/17893095993223710.jpg
blank-street;oui;ok;Blank Street;;Matcha & café;;1 Canada Square, Canary Wharf, London;;London;;51.505076;-0.019249;2025-11-13;"@blankstreet also one of my favorite matcha spots in London 🍵
You can find them all over the city.";blankstreet;https://www.instagram.com/p/DRAWkK8DDNv/;photos/blank-street/0.webp|photos/blank-street/1.webp|photos/blank-street/2.webp|photos/blank-street/3.webp|photos/blank-street/4.webp|photos/blank-street/5.webp|photos/blank-street/6.webp|photos/blank-street/7.webp;vérifiée;1 Canada Square, Canary Wharf, London;media/posts/202511/17899615380315986.jpg|media/posts/202511/18172676575371116.jpg|media/posts/202511/17998632662692982.jpg|media/posts/202511/18071312432342206.jpg|media/posts/202511/18005791493660729.jpg|media/posts/202511/18104726749728342.jpg|media/posts/202511/17862648792516827.jpg|media/posts/202511/18122486926518953.jpg
passager;oui;ok;Passager;;Brunch;€€;Avenue Ledru-Rollin, 75011 Paris;;Paris;11;48.852679;2.376709;2025-11-13;"@passager_cafe , a spot I love in the 11th, serving coffee, brunch, bagels, pancakes… all in a cool industrial setting.
~10/20€";passager_cafe;https://www.instagram.com/p/DRAY1MgjDyL/;photos/passager/0.webp|photos/passager/1.webp|photos/passager/2.webp|photos/passager/3.webp|photos/passager/4.webp|photos/passager/5.webp|photos/passager/6.webp|photos/passager/7.webp|photos/passager/8.webp|photos/passager/9.webp|photos/passager/10.webp|photos/passager/11.webp;vérifiée;Avenue Ledru-Rollin, 75011 Paris;media/posts/202511/17993012906715083.jpg|media/posts/202511/18068628806459904.jpg|media/posts/202511/18047353034676166.jpg|media/posts/202511/17946395192937049.jpg|media/posts/202511/18101889592670074.jpg|media/posts/202511/17893938552358048.jpg|media/posts/202511/17907693942264021.jpg|media/posts/202511/18091732996910278.jpg|media/posts/202511/18092809414852999.jpg|media/posts/202511/18114629347499708.jpg|media/posts/202511/18096005497641934.jpg|media/posts/202511/18079101023274778.jpg
bonnie;oui;ok;Bonnie;;;;10 rue Agrippa d’Aubigné, 75004 Paris;;Paris;4;48.849846;2.362680;2025-11-12;"Un déjeuner parisien chez @bonnie_restaurant_bar
Un restaurant, bar et club au sommet de la Tour Morland, à l’hôtel SO/ Paris dans le 4ᵉ arrondissement. Une déco entre les sixties et le contemporain, avec une vue panoramique sur toute la ville. 🥂";bonnie_restaurant_bar;https://www.instagram.com/p/DQ9y2IBjKMm/;photos/bonnie/0.webp|photos/bonnie/1.webp|photos/bonnie/2.webp|photos/bonnie/3.webp|photos/bonnie/4.webp|photos/bonnie/5.webp|photos/bonnie/6.webp|photos/bonnie/7.webp|photos/bonnie/8.webp|photos/bonnie/9.webp;vérifiée;10 rue Agrippa d’Aubigné, 75004 Paris;media/posts/202511/18017296478792384.jpg|media/posts/202511/18090855733919987.jpg|media/posts/202511/18119135221530248.jpg|media/posts/202511/18063674786160618.jpg|media/posts/202511/18000056192688211.jpg|media/posts/202511/17978440751778098.jpg|media/posts/202511/18018244340789087.jpg|media/posts/202511/18097453306815052.jpg|media/posts/202511/17987244116903374.jpg|media/posts/202511/17904818349271209.jpg
zeffirino;oui;épingle approximative (centre du quartier) : saisis lat/lng puis mets « vérifiée » dans position;Zeffirino;;Italien;;Rue Marbeuf, 75008 Paris;;Paris;8;48.866981;2.301614;2025-11-10;"Déjeuner à l’italienne chez @zeffirino_paris
Des pâtes fraîches faites maison, un pesto Genovese signature à tomber, et des desserts délicieux dans un cadre de marbre et de velours.";zeffirino_paris;https://www.instagram.com/p/DQ4tAYnjHVu/;photos/zeffirino/0.webp|photos/zeffirino/1.webp|photos/zeffirino/2.webp|photos/zeffirino/3.webp|photos/zeffirino/4.webp|photos/zeffirino/5.webp|photos/zeffirino/6.webp|photos/zeffirino/7.webp|photos/zeffirino/8.webp;quartier;Rue Marbeuf, 75008 Paris;media/posts/202511/18050098832344633.jpg|media/posts/202511/18146241994430369.jpg|media/posts/202511/18028015199768726.jpg|media/posts/202511/18094937896831728.jpg|media/posts/202511/18420876286119973.jpg|media/posts/202511/17952792560898638.jpg|media/posts/202511/18075767081470165.jpg|media/posts/202511/18103292008640185.jpg|media/posts/202511/18188624878338854.jpg
onoe;oui;épingle approximative (centre du quartier) : saisis lat/lng puis mets « vérifiée » dans position;Onoé;;Libanais;€€;Salamanca, Madrid;;Madrid;;40.427045;-3.680602;2025-11-09;"@onoe_madrid Restaurant libanais hyper chaleureux et convivial, parfait pour partager des mezzés, shawarmas, grillades…

~30/40€ (sans alcool)";onoe_madrid;https://www.instagram.com/p/DQ2ESa_DDvY/;photos/onoe/0.webp|photos/onoe/1.webp|photos/onoe/2.webp|photos/onoe/3.webp|photos/onoe/4.webp|photos/onoe/5.webp|photos/onoe/6.webp|photos/onoe/7.webp|photos/onoe/8.webp|photos/onoe/9.webp|photos/onoe/10.webp|photos/onoe/11.webp;quartier;Salamanca, Madrid;media/posts/202511/18058349009261612.jpg|media/posts/202511/17967896894822956.jpg|media/posts/202511/18098059081756104.jpg|media/posts/202511/18097956805674316.jpg|media/posts/202511/17979384122946867.jpg|media/posts/202511/17844208731609516.jpg|media/posts/202511/18145475617379545.jpg|media/posts/202511/18070991996252346.jpg|media/posts/202511/18092477134850654.jpg|media/posts/202511/17964787262989303.jpg|media/posts/202511/18169714366335350.jpg|media/posts/202511/18103143562732462.jpg
marcel;oui;ok;Marcel;;Brunch;€€;Rue de Babylone, 75007 Paris;Paris 16e;Paris;7;48.851627;2.323124;2025-11-09;"Pour petit déjeuner, déjeuner, goûter, dîner…il y a toujours @restaurantmarcel 🍰
Mention spéciale pour le carrot cake !!

~20/30€";restaurantmarcel;https://www.instagram.com/p/DQ2Mz1JjMEA/;photos/marcel/0.webp|photos/marcel/1.webp|photos/marcel/2.webp|photos/marcel/3.webp|photos/marcel/4.webp|photos/marcel/5.webp|photos/marcel/6.webp|photos/marcel/7.webp|photos/marcel/8.webp;vérifiée;Rue de Babylone, 75007 Paris;media/posts/202511/18082223759105349.jpg|media/posts/202511/18072030674207948.jpg|media/posts/202511/17875233681355952.jpg|media/posts/202511/18070409207599941.jpg|media/posts/202511/18056935049639734.jpg|media/posts/202511/18109865752592803.jpg|media/posts/202511/18124306870508230.jpg|media/posts/202511/17951470041027848.jpg|media/posts/202511/17971539005806425.jpg
brach;oui;ok;Brach;;Méditerranéen;€€€;Rue Jean Richepin, 75016 Paris;;Paris;16;48.861285;2.274795;2025-11-06;"Restaurant de l’Hôtel @brachparis
Cadre Magnifique

~50€ (sans alcool)";brachparisrestaurant;https://www.instagram.com/p/DQuWvGXDKhE/;photos/brach/0.webp|photos/brach/1.webp|photos/brach/2.webp|photos/brach/3.webp;vérifiée;Rue Jean Richepin, 75016 Paris;media/posts/202511/17903249157295937.jpg|media/posts/202511/18505903981070560.jpg|media/posts/202511/18491795878073081.jpg|media/posts/202511/18086789686752385.jpg
jenki;oui;ok;Jenki;;Matcha & café;;43 Brushfield Street, Spitalfields, London;Covent Garden · Selfridges · Borough Market;London;;51.519202;-0.076846;2025-11-06;"Favorite matcha in London 🍵

100/10";jenkimatcha;https://www.instagram.com/p/DQuXv25jP0n/;photos/jenki/0.webp|photos/jenki/1.webp|photos/jenki/2.webp|photos/jenki/3.webp|photos/jenki/4.webp|photos/jenki/5.webp|photos/jenki/6.webp|photos/jenki/7.webp;vérifiée;43 Brushfield Street, Spitalfields, London;media/posts/202511/18194154796325963.jpg|media/posts/202511/18093725458845899.jpg|media/posts/202511/18082117165858710.jpg|media/posts/202511/17901526926298912.jpg|media/posts/202511/18064420364128758.jpg|media/posts/202511/18124980151507701.jpg|media/posts/202511/18171342796363899.jpg|media/posts/202511/17987449904882481.jpg
paper-moon;oui;ok;Paper Moon;;Italien;€€;The OWO, 57 Whitehall Place, London;;London;;51.505538;-0.126172;2025-11-06;Restaurant milanais à Londres, à l’intérieur du OWO (Old War Office);papermoonlondon;https://www.instagram.com/p/DQuV_jmDNrY/;photos/paper-moon/0.webp|photos/paper-moon/1.webp|photos/paper-moon/2.webp|photos/paper-moon/3.webp|photos/paper-moon/4.webp|photos/paper-moon/5.webp|photos/paper-moon/6.webp;vérifiée;The OWO, 57 Whitehall Place, London;media/posts/202511/18509451058064811.jpg|media/posts/202511/18084634537992695.jpg|media/posts/202511/17869648914464489.jpg|media/posts/202511/18100038118705861.jpg|media/posts/202511/18131507851468250.jpg|media/posts/202511/18133927375466954.jpg|media/posts/202511/18096877342782955.jpg
its-bagels;oui;ok;It’s Bagels;;Brunch;€;65 Regent’s Park Road, Primrose Hill, London;Notting Hill · Soho;London;;51.540986;-0.157549;2025-11-05;"Les meilleurs bagels new-yorkais de Londres 🥯🫐

~6/14£";its__bagels;https://www.instagram.com/p/DQrq8FSDbrh/;photos/its-bagels/0.webp|photos/its-bagels/1.webp|photos/its-bagels/2.webp|photos/its-bagels/3.webp|photos/its-bagels/4.webp|photos/its-bagels/5.webp|photos/its-bagels/6.webp|photos/its-bagels/7.webp;vérifiée;65 Regent’s Park Road, Primrose Hill, London;media/posts/202511/18085997203780230.jpg|media/posts/202511/18125065819495214.jpg|media/posts/202511/18133182547473653.jpg|media/posts/202511/18085294465800618.jpg|media/posts/202511/17921373999178547.jpg|media/posts/202511/18071098517047552.jpg|media/posts/202511/17904301320275610.jpg|media/posts/202511/18066914465372985.jpg
miznon;oui;ok;Miznon;;Israélien;€;Rue des Écouffes, 75004 Paris;Paris 9e · Paris 10e · Paris 17e · Londres : Soho · Londres : Notting Hill;Paris;4;48.857153;2.358948;2025-11-04;"Habituées de @miznonparis , nous avons pu tester une de leurs adresses à Londres @miznonlondon , 10/10 as usual !!

Street food israélienne & méditerranéenne🥙

Paris

~10/15€

Londres

~10/20£";miznonparis;https://www.instagram.com/p/DQo3kvcDMy6/;photos/miznon/0.webp|photos/miznon/1.webp|photos/miznon/2.webp|photos/miznon/3.webp|photos/miznon/4.webp;vérifiée;Rue des Écouffes, 75004 Paris;media/posts/202511/18072511958010020.jpg|media/posts/202511/17911279776248582.jpg|media/posts/202511/17987987306897188.jpg|media/posts/202511/17997209612829931.jpg|media/posts/202511/17984242901755253.jpg
corner-shop;oui;position devinée par le nom : vérifie l'adresse puis mets « vérifiée » dans position;Corner Shop;;Boulangerie;;180 Strand, London;;London;;51.512490;-0.114885;2025-11-04;Épicerie, Boulangerie, Café et Bar à vin 🍷;cornershop180;https://www.instagram.com/p/DQo4p2DDNPF/;photos/corner-shop/0.webp|photos/corner-shop/1.webp|photos/corner-shop/2.webp|photos/corner-shop/3.webp|photos/corner-shop/4.webp|photos/corner-shop/5.webp|photos/corner-shop/6.webp|photos/corner-shop/7.webp|photos/corner-shop/8.webp|photos/corner-shop/9.webp|photos/corner-shop/10.webp|photos/corner-shop/11.webp|photos/corner-shop/12.webp|photos/corner-shop/13.webp|photos/corner-shop/14.webp;nom;180 Strand, London;media/posts/202511/18062033726398934.jpg|media/posts/202511/18079198739123056.jpg|media/posts/202511/17984608586879515.jpg|media/posts/202511/18083335784288238.jpg|media/posts/202511/18061252808188617.jpg|media/posts/202511/18055405628300210.jpg|media/posts/202511/18004790585816195.jpg|media/posts/202511/18182459842343317.jpg|media/posts/202511/17910067332247371.jpg|media/posts/202511/17981563040764930.jpg|media/posts/202511/18086188378978966.jpg|media/posts/202511/18092267980884276.jpg|media/posts/202511/18301725394269229.jpg|media/posts/202511/18396609322120846.jpg|media/posts/202511/18060699092179608.jpg
la-unica;oui;épingle approximative (centre du quartier) : saisis lat/lng puis mets « vérifiée » dans position;La Única;;Mexicain;€€;Salamanca, Madrid;;Madrid;;40.427045;-3.680602;2025-11-03;"Restaurant Mexicain 🪇
~des plats allant de 15 à 38€ (sans alcool)";launicamad;https://www.instagram.com/p/DQmQyROjPEu/;photos/la-unica/0.webp|photos/la-unica/1.webp|photos/la-unica/2.webp|photos/la-unica/3.webp|photos/la-unica/4.webp|photos/la-unica/5.webp;quartier;Salamanca, Madrid;media/posts/202511/18097403683773368.jpg|media/posts/202511/17996132987700529.jpg|media/posts/202511/17903635107146066.jpg|media/posts/202511/18383748892183048.jpg|media/posts/202511/18183139861342878.jpg|media/posts/202511/18538063699062779.jpg
spitalfields-market;oui;ok;Spitalfields Market;;Food market;;Old Spitalfields Market, London;;London;;51.519600;-0.075363;2025-11-02;;;https://www.instagram.com/p/DQkMTHXjPXa/;photos/spitalfields-market/0.webp|photos/spitalfields-market/1.webp|photos/spitalfields-market/2.webp|photos/spitalfields-market/3.webp;vérifiée;Old Spitalfields Market, London;media/posts/202511/18054426872318475.jpg|media/posts/202511/18049485395356675.jpg|media/posts/202511/18106331476623399.jpg|media/posts/202511/18485287138076534.jpg
zahter;oui;ok;Zahter;;Turc;;30-32 Foubert’s Place, Soho, London;;London;;51.513806;-0.138757;2025-11-01;Cuisine turc délicieuse;zahterlondon;https://www.instagram.com/p/DQhhNgNDMbE/;photos/zahter/0.webp|photos/zahter/1.webp|photos/zahter/2.webp|photos/zahter/3.webp|photos/zahter/4.webp|photos/zahter/5.webp;vérifiée;30-32 Foubert’s Place, Soho, London;media/posts/202511/18553245574000338.jpg|media/posts/202511/18299562658254291.jpg|media/posts/202511/18539719009035740.jpg|media/posts/202511/17928767499114639.jpg|media/posts/202511/18002361356821651.jpg|media/posts/202511/18101926267595456.jpg
tease;oui;épingle approximative (centre du quartier) : saisis lat/lng puis mets « vérifiée » dans position;Tease;;Matcha & café;€;South Kensington, London;Mayfair;London;;51.495582;-0.183137;2025-11-01;~ 5/8£;drinktease;https://www.instagram.com/p/DQhh_aLjPqU/;photos/tease/0.webp|photos/tease/1.webp|photos/tease/2.webp|photos/tease/3.webp|photos/tease/4.webp|photos/tease/5.webp|photos/tease/6.webp|photos/tease/7.webp|photos/tease/8.webp|photos/tease/9.webp|photos/tease/10.webp;quartier;South Kensington, London;media/posts/202511/18086751667758067.jpg|media/posts/202511/18096484930696609.jpg|media/posts/202511/17973170396948679.jpg|media/posts/202511/18326300821243174.jpg|media/posts/202511/18077677723920318.jpg|media/posts/202511/18061139474190543.jpg|media/posts/202511/18098541385685830.jpg|media/posts/202511/18116931523546891.jpg|media/posts/202511/18085192327784362.jpg|media/posts/202511/18096182902789159.jpg|media/posts/202511/18381031873146336.jpg
74-duke;oui;ok;74 Duke;;;€€€;74 Duke Street, Mayfair, London;;London;;51.513410;-0.151129;2025-10-31;"Pasta, chicken & THE cookies… 🤌🏻

~50/60£ (sans alcool)";74dukemayfair;https://www.instagram.com/p/DQeYGBBDKTz/;photos/74-duke/0.webp|photos/74-duke/1.webp|photos/74-duke/2.webp;vérifiée;74 Duke Street, Mayfair, London;media/posts/202510/18079335053143960.jpg|media/posts/202510/17947697175059200.jpg|media/posts/202510/18047291879397273.jpg
saddle;oui;épingle approximative (centre du quartier) : saisis lat/lng puis mets « vérifiée » dans position;Saddle;;Matcha & café;€;Knightsbridge, London;;London;;51.500844;-0.166965;2025-10-31;"10/10

~5/7£";saddlelondon;https://www.instagram.com/p/DQe1SGiDPst/;photos/saddle/0.webp|photos/saddle/1.webp|photos/saddle/2.webp|photos/saddle/3.webp;quartier;Knightsbridge, London;media/posts/202510/17946839235025310.jpg|media/posts/202510/18057338159534494.jpg|media/posts/202510/18100137652732645.jpg|media/posts/202510/18093388288855121.jpg
ten-con-ten;oui;ok;Ten con Ten;;Méditerranéen;€€€;Calle de Ayala 6, Madrid;;Madrid;;40.427855;-3.688498;2025-10-27;"Super cuisine méditerranéen

~40-50€";tenconten.restaurante;https://www.instagram.com/p/DQUC9p3DFQP/;photos/ten-con-ten/0.webp|photos/ten-con-ten/1.webp|photos/ten-con-ten/2.webp|photos/ten-con-ten/3.webp;vérifiée;Calle de Ayala 6, Madrid;media/posts/202510/18043536680675444.jpg|media/posts/202510/17908845024252616.jpg|media/posts/202510/17944008387061994.jpg|media/posts/202510/17860964613525656.jpg
sala-de-despieces;oui;position devinée par le nom : vérifie l'adresse puis mets « vérifiée » dans position;Sala de Despieces;;Tapas;€€€;Calle de Ponzano 11, Madrid;;Madrid;;40.437917;-3.699495;2025-10-27;"Mon restaurant préféré de la ville : des tapas dans une ancienne boucherie madrilène.
Une expérience où tout est préparé sous vos yeux !

10/10";saladedespiece;https://www.instagram.com/p/DQUD-ZYDIZO/;photos/sala-de-despieces/0.webp|photos/sala-de-despieces/1.webp|photos/sala-de-despieces/2.webp|photos/sala-de-despieces/3.webp|photos/sala-de-despieces/4.webp|photos/sala-de-despieces/5.webp|photos/sala-de-despieces/6.webp;nom;Calle de Ponzano 11, Madrid;media/posts/202510/17913469950231849.jpg|media/posts/202510/17912141775235481.jpg|media/posts/202510/17898419217317882.jpg|media/posts/202510/18062640827413789.jpg|media/posts/202510/18064812458614724.jpg|media/posts/202510/18084693844807129.jpg|media/posts/202510/17867655186469805.jpg
